Rem
Rem emaas_dashboards_seed_data.sql
Rem
Rem Copyright (c) 2013, 2014, Oracle and/or its affiliates.
Rem All rights reserved.
Rem
Rem    NAME
Rem      emaas_dashboards_seed_data_la.sql
Rem
Rem    DESCRIPTION
Rem      Dashboard Framework seed data sql file.
Rem
Rem    NOTES
Rem      None
Rem
Rem    MODIFIED   (MM/DD/YY)
Rem    XIADAI    04/19/2017- Created
Rem


DEFINE TENANT_ID = '&1'

DECLARE

la_dboperations_screenshot CLOB:='data:image/png;base64,'||
'iVBORw0KGgoAAAANSUhEUgAAAUUAAAB9CAYAAAA1KnEpAAAKQWlDQ1BJQ0MgUHJvZmlsZQAASA2dlndUU9kWh8+9N73QEiIgJfQaegkg0jtIFQRRiUmAUAKGhCZ2RAVGFBEpVmRUwAFHhyJjRRQLg4Ji1wnyEFDGwVFEReXdjGsJ7601896a/cdZ39nnt9fZZ+9917oAUPyCBMJ0WAGANKFYFO7rwVwSE8vE9wIYEAEOWAHA4WZmBEf4RALU/L09mZmoSMaz9u4ugGS72yy/UCZz1v9/kSI3QyQGAApF1TY8fiYX5QKUU7PFGTL/BMr0lSkyhjEyFqEJoqwi48SvbPan5iu7yZiXJuShGlnOGbw0noy7UN6aJeGjjAShXJgl4GejfAdlvVRJmgDl9yjT0/icTAAwFJlfzOcmoWyJMkUUGe6J8gIACJTEObxyDov5OWieAHimZ+SKBIlJYqYR15hp5ejIZvrxs1P5YjErlMNN4Yh4TM/0tAyOMBeAr2+WRQElWW2ZaJHtrRzt7VnW5mj5v9nfHn5T/T3IevtV8Sbsz55BjJ5Z32zsrC+9FgD2JFqbHbO+lVUAtG0GQOXhrE/vIADyBQC03pzzHoZsXpLE4gwnC4vs7GxzAZ9rLivoN/ufgm/Kv4Y595nL7vtWO6YXP4EjSRUzZUXlpqemS0TMzAwOl89k/fcQ/+PAOWnNycMsnJ/AF/GF6FVR6JQJhIlou4U8gViQLmQKhH/V4X8YNicHGX6daxRodV8AfYU5ULhJB8hvPQBDIwMkbj96An3rWxAxCsi+vGitka9zjzJ6/uf6Hwtcim7hTEEiU+b2DI9kciWiLBmj34RswQISkAd0oAo0gS4wAixgDRyAM3AD3iAAhIBIEAOWAy5IAmlABLJBPtgACkEx2AF2g2pwANSBetAEToI2cAZcBFfADXALDIBHQAqGwUswAd6BaQiC8BAVokGqkBakD5lC1hAbWgh5Q0FQOBQDxUOJkBCS'||
'QPnQJqgYKoOqoUNQPfQjdBq6CF2D+qAH0CA0Bv0BfYQRmALTYQ3YALaA2bA7HAhHwsvgRHgVnAcXwNvhSrgWPg63whfhG/AALIVfwpMIQMgIA9FGWAgb8URCkFgkAREha5EipAKpRZqQDqQbuY1IkXHkAwaHoWGYGBbGGeOHWYzhYlZh1mJKMNWYY5hWTBfmNmYQM4H5gqVi1bGmWCesP3YJNhGbjS3EVmCPYFuwl7ED2GHsOxwOx8AZ4hxwfrgYXDJuNa4Etw/XjLuA68MN4SbxeLwq3hTvgg/Bc/BifCG+Cn8cfx7fjx/GvyeQCVoEa4IPIZYgJGwkVBAaCOcI/YQRwjRRgahPdCKGEHnEXGIpsY7YQbxJHCZOkxRJhiQXUiQpmbSBVElqIl0mPSa9IZPJOmRHchhZQF5PriSfIF8lD5I/UJQoJhRPShxFQtlOOUq5QHlAeUOlUg2obtRYqpi6nVpPvUR9Sn0vR5Mzl/OX48mtk6uRa5Xrl3slT5TXl3eXXy6fJ18hf0r+pvy4AlHBQMFTgaOwVqFG4bTCPYVJRZqilWKIYppiiWKD4jXFUSW8koGStxJPqUDpsNIlpSEaQtOledK4tE20Otpl2jAdRzek+9OT6cX0H+i99AllJWVb5SjlHOUa5bPKUgbCMGD4M1IZpYyTjLuMj/M05rnP48/bNq9pXv+8KZX5Km4qfJUilWaVAZWPqkxVb9UU1Z2qbapP1DBqJmphatlq+9Uuq43Pp893ns+dXzT/5PyH6rC6iXq4+mr1w+o96pMamhq+GhkaVRqXNMY1GZpumsma5ZrnNMe0aFoLtQRa5VrntV4wlZnuzFRmJbOLOaGtru2nLdE+pN2rPa1jqLNYZ6NOs84TXZIuWzdBt1y3U3dCT0svWC9fr1HvoT5Rn62fpL9Hv1t/ysDQINpgi0GbwaihiqG/YZ5ho+FjI6qRq9Eqo1qjO8Y4Y7ZxivE+41smsImdSZJJjclNU9jU3lRg'||
'us+0zwxr5mgmNKs1u8eisNxZWaxG1qA5wzzIfKN5m/krCz2LWIudFt0WXyztLFMt6ywfWSlZBVhttOqw+sPaxJprXWN9x4Zq42Ozzqbd5rWtqS3fdr/tfTuaXbDdFrtOu8/2DvYi+yb7MQc9h3iHvQ732HR2KLuEfdUR6+jhuM7xjOMHJ3snsdNJp9+dWc4pzg3OowsMF/AX1C0YctFx4bgccpEuZC6MX3hwodRV25XjWuv6zE3Xjed2xG3E3dg92f24+ysPSw+RR4vHlKeT5xrPC16Il69XkVevt5L3Yu9q76c+Oj6JPo0+E752vqt9L/hh/QL9dvrd89fw5/rX+08EOASsCegKpARGBFYHPgsyCRIFdQTDwQHBu4IfL9JfJFzUFgJC/EN2hTwJNQxdFfpzGC4sNKwm7Hm4VXh+eHcELWJFREPEu0iPyNLIR4uNFksWd0bJR8VF1UdNRXtFl0VLl1gsWbPkRoxajCCmPRYfGxV7JHZyqffS3UuH4+ziCuPuLjNclrPs2nK15anLz66QX8FZcSoeGx8d3xD/iRPCqeVMrvRfuXflBNeTu4f7kufGK+eN8V34ZfyRBJeEsoTRRJfEXYljSa5JFUnjAk9BteB1sl/ygeSplJCUoykzqdGpzWmEtPi000IlYYqwK10zPSe9L8M0ozBDuspp1e5VE6JA0ZFMKHNZZruYjv5M9UiMJJslg1kLs2qy3mdHZZ/KUcwR5vTkmuRuyx3J88n7fjVmNXd1Z752/ob8wTXuaw6thdauXNu5Tnddwbrh9b7rj20gbUjZ8MtGy41lG99uit7UUaBRsL5gaLPv5sZCuUJR4b0tzlsObMVsFWzt3WazrWrblyJe0fViy+KK4k8l3JLr31l9V/ndzPaE7b2l9qX7d+B2CHfc3em681iZYlle2dCu4F2t5czyovK3u1fsvlZhW3FgD2mPZI+0MqiyvUqvakfVp+qk6oEaj5rmvep7t+2d2sfb17/fbX/T'||
'AY0DxQc+HhQcvH/I91BrrUFtxWHc4azDz+ui6rq/Z39ff0TtSPGRz0eFR6XHwo911TvU1zeoN5Q2wo2SxrHjccdv/eD1Q3sTq+lQM6O5+AQ4ITnx4sf4H++eDDzZeYp9qukn/Z/2ttBailqh1tzWibakNml7THvf6YDTnR3OHS0/m/989Iz2mZqzymdLz5HOFZybOZ93fvJCxoXxi4kXhzpXdD66tOTSna6wrt7LgZevXvG5cqnbvfv8VZerZ645XTt9nX297Yb9jdYeu56WX+x+aem172296XCz/ZbjrY6+BX3n+l37L972un3ljv+dGwOLBvruLr57/17cPel93v3RB6kPXj/Mejj9aP1j7OOiJwpPKp6qP6391fjXZqm99Oyg12DPs4hnj4a4Qy//lfmvT8MFz6nPK0a0RupHrUfPjPmM3Xqx9MXwy4yX0+OFvyn+tveV0auffnf7vWdiycTwa9HrmT9K3qi+OfrW9m3nZOjk03dp76anit6rvj/2gf2h+2P0x5Hp7E/4T5WfjT93fAn88ngmbWbm3/eE8/syOll+AAAACXBIWXMAAAsTAAALEwEAmpwYAAAeVklEQVR4Ae2d6XIUN9fHZY/NYrOvxkBsHgKEAAXZSeVLKpWq3MJTlZt5ryaXkC8pqKTCh4eEqoRAAmGxjVlsbLBZbLybV78zcwZNT/e4Z9y2ZzmCcXdrOZL+5+gvqVutbnvrnUtwBFUITkhl3oaAIWAINBYC7e3txQJ3FM8iJ4uLi45fW1tbJMQuDQFDwBBoMARk6KfjP89pIa35wV+bJ8VNmzZJpeJJ0addWlpynZ2dDgaNGzEikyz0iDQ9LyHSwkBU4nqC5Z8ffxI9dhQaytC4+JkzBAwBQ6BaBPJM47mpMLhTftEZMByDm1+YF87L5XIulhQhLciQCDgVKBcZ/NGCpBFVTdw08iyOIWAItA4CcQMq/KKcplwHMrGkSIAy6dDQkHv16pU7ceKEW1hYcNPT'||
'027nzp1uZmbGzc/Pu/3798tRhHV0SDpGmM+fP3d79uyRKThhTMXxZwR648YN19PT4/bt2yfEi1zC5ubm3OvXr92uXbvc1q1bhZi9QGqACHOGgCFgCKRGAA5T8rs/OOTmZmfd8vKy27Ztm+vvey8vR6aweb7TuImkqBHGx8eFCK9cueImJyfd9u3b3ebNm+WcOL29vXKuU+2HDx+67777zj179kzm6Ldu3XJTU1NCiseOHRNyhfwGBgYcMpGxe/du1+EJFZJV9/nnnwtpFsqs3nY0BAwBQyAVAsphRN65Y7tb7OqSQdvmwr1DERIz3kokRR0pcvMREoNhIUQIbGx8TNiWIScjRjLv8hkyytuxY4fbsmWL5Hf37l0JQ8bt27cl7NSpU66vr8/NetaGSCcmJtyBAwck3tjYmIwuX758KXkiJGR7EWp/DAFDwBCoEoF9e/emTtHmSUfvRRYT4cWUFjLjqA9dNCoEqQ9gQjbmnB9hpGPkxzSY+NevX3c9B3vc4SOHRZ7GQzbxuV5cWPRT5TwRQrj4mzMEDAFDYK0RgK/gG3inIikykoOszBkChoAh0MwIhKSYOH32bOgxyBOijhDTggKRRtOUkKsfm+qynEoyS9JUimhhhoAhYAisCoF3fJdIiv65TTGLWsgpmgaSlOU1hbxtqU0RXjsxBAyBDUYgvIeYSIppy6gjwigJRtOvFB6Nb9eGgCFgCGwEAqsmRSO7jVCb5WkIGAJrhcCqH+/yZJmF2TpiXKuCmlxDwBAwBNYDgapHikp+jBBZzD06OiqPsXmzhTWMhNuC6/VQneVhCBgC1SKQZmZbNSmGQlnUzeJr1iLy6h9uefmtW5aHKtUW1+IbAoaAIbA2COhALZfLr4mulEviOsX5xSW3yb96F12myGJrRoO8lgcp8gofa3wgRciRsJA4K2VuYYaAIWAI1AMC8/7FkZws3m5P3hAiLKgSHZtBDA8PC/nxqh7vQPMLnRFiiIadGwKGQKMh'||
'UNWDFh6o8CoMr/9BlOYMAUPAEGg2BFLeU8wv5GYUyIYPbAwBOfJuMz8Ikk0geC3QnCFgCBgCjYxAKlLU+4rcQ2RXnO7ubqnzmzdv3JDfb5H7iwcPHpS9FVmiY4PIRjYJK7sh0LwIMJhTPkuqZSpS1MRs/rrXbxw77cmQ0SEjQ348aDFnCBgChkAzIJCKFPVBC6NA9jzk3iKjRZ42Hz9+XK51D0WY2JwhYAgYAo2KQCpS1MpBhnyaADJU8lMy1Dh2NAQMAUOgkRFINazTZTYsv+HeIfcQWa+ozp5EKxJ2NAQMgUZHIBUpKulx73BkZESeOLNDLcTIdHpwcFBGkAKGrdRpdJuw8hsCLY1AVdPnudk5IUSdMjOVvnnzprzNwj1Gluss+fuOvOZnzhAwBAyBekOgI8VrflWRYq4jJ1/YYxrN6BEiPHPmjLzup8t02tv9N1qCDWrrDRQrjyFgCLQuAnorsBICqUhRBel7zxAi57zZwj3G0Gnc0M/ODQFDwBBoFASquqdIpfieM9NmI79GUbGV0xAwBKpBINVIUQWyDIcHLEyf9UFL/g2Wt3KNnzlDwBAwBBoZgVSkqKNCpsw8gVby473nBw8eiF9vb6/b6z84LQ9ZdPOyRkbGym4IGALNg0CBk9pXesfP1zgVKSoybARx+vRpuZ/IPoqMGHVTCEaMuLe2yazCZUdDwBCoEwR0nNaW9dNnFm2Hm8tCiu+9956Q5LZt26T67Gxrk+g6sQQrhiFgCFSNQKqRIk+bmUKzSw6LtyFAdtpmMwg2iTBnCBgChkCzIJDq6bNWlgctTJtxtneiomJHQ8AQaCYEUo0UtcLcP2QziNm5WfHioQt7KnI/saur299j3KRR7WgIGAKGQEMiUDUp8oSZaTREyO/x48dCjNxbPHDggLzmJ9Nte6ulIQ3CCm0INDMCzHZXegBdFSnyBgv3FDkiXJfncI9Rl+kUPlzgjBOb2bSsboZA8yJQFSkyAuRtFn21j/uK'||
'R44cKX7MCpggS3OGgCFgCDQqAqlIMVy8zZIcNpvFsSSHX9HpYqCih50YAoaAIdBYCKQa1jFCxDFt1rdatJqEMY2Wxdv5ubMG2dEQMAQMgYZDINVIMawVT6B1dDg7OysbROC3x3/QijWLSqBhGjs3BAwBQ6AeENBZb6WypCJFFcSxv79fps+QH1NpiJH7jF1dXZLPcuE1v0qZWpghYAgYAhuBQOabzLImEQLUaTSkyIOWly9fOt6LxtkmsxuhasvTEDAE0iCgA7xKcVONFBkVIoynzS9evJBX/CBEHJ8m0M8TcJ0mU+KZMwQMAUOgHhFI9aBFC667bUOI8mBFA5r0yPMlfi3vAgxCPPRcjy2PUwwAYAN8hlEMOAUvwSiwseSY6xOSaqSoRWHazFsrvOoXjginp6dlSt1s70P7wbE5EAhwCDHRcz0aWOUIFLEJMCyP1do+RYzqBIZUpKgEyMMUfaCi5Wf0yEazvP7Hom4evLBER9NovHo9cmtAOqlCV861vp1DmakHo+JGqc9a4Kz1Z2E++taHbBzVcd6qGFF3rb/OoMACO2LTZcEliKOYtdJRcChUGKy47gh36vd4vV3Ddoal0i/BXyu9YJKKFOOUp0ZAGOfqIMSZmZkVM9b4G3WkzNwGGBp64N/lnnWHDh1yj/x73CjqYE+Pezo6KgRPzXb5bdKOHj1avGXQCo0ffNo9Fgt+udWdu3fdPt/pzfgO77V/0LZv3z63zT9YGxwYcJ2Ftau8+w5OLOxvBXywWzCC+Ng56tGjR/J1S+yfB5IMELCdJ96mWMJG3GP/+Y/b6u/B07G0GkZPnjxxzChZuvfq1Wu/OfWcPKQd9e0MvMBju/9E8nu+nYEVvywxUnk8/1gzUtQCYxR9fX3FtYs8hdYn0RhOvTuenLPOcvfu3fJknXrRuJd84379GuXNux5PkoyEW9HRgJ8+fSrGDFabPQmCBbdS9u/fLx0gmPV4EuC2Sis6Rh+Tk5OCBzZDo6MN'||
'cDtpZuaNW1xYlPYBRuEspJWwYgaJnTC4wI7oSMCITgRM2GRmv+9s66GdtXkGfTfMK2gJr/lF/wlTP5Ly9WhqB+lpL0JFIQF6dgybES/TIYwbEuCcuK1m2OBAncFB8QIPjBxjBivCuG5Fh12ACxhxBAd+dBJLS8u+4c/LqHuTx6hVHeSnbYkj19gMszXOaXdcb1TbmvcdV87bMV8OyIQUQ1JpNKVT9omJCbnXQO/F8J5lRygLwx4bGxNlQQL0diiNqaI4upPW5IFGU7OVdyMRaIB2EpJizfcUQ4wbeYTAtGdoaEjITkc9Dx8+lGE89x8IZ2s0RkP0aNwz4+Ncbe3+xrD/58cEIRRNeR52euE5leUa18g2IBVY5R/FpQwPD0/hUV7rYlRoIooRUEfP8asXG8pkpEiFGtVBepAhRNfV3SVTHiVHbgDrsJ77H/hzzfdp6kWBjYq7ldsQqCcEwpFiy5NiPSnGymIIGAIbg0BIiplMnzemGtnlqlMeJDIC1GsbDWaHsUkyBBoFASNFr6ko+UWvG0WZVk5DwBBYPQJVvfu8+uxMgiFgCBgC9Y3ACqSYf7JY31Ww0hkChoAhkB0CiaTIU3SbRmYHtEkyBAyB+kUg5LqEe4pt8v1mnsiwaWxhKVr91ijjkoUApRcdXaEavU4vyWJuNAK8e7vRZbD81wsB/2zVLfqldrzBh4tdkkPAon89iddxWtFVS4qAWtaICgtWZVeAVgSxweusKxAaohreADG3aJmx46hfQ9RnAwoJVmwGQ1tOGCn6zwq0vfULlfOfMpUyEhtH65dzf5TBkLb+fHDxr7JEGJdAlcO5xonzFy3HxJfs/B9Nm0Ye8nFSdo5yVVqWgheHvOhCJOR7D6lqEMcnlv95mW2O91rb/Fsv6tgGad6/AVMQlveuVNawPnJekK8C9ajxuA7laThH4ki5iVMIkOoU6lTqWS5npTxUTEF00x0Us6KhbGQNKYwHPIp5qHuvr5wf5eQ6S5sz'||
'OxwxsClWR2yiIEjPQzlhNSvZgIYlpRU50QKHwtfzvBJ+lDHfceQJMScFK0UxKCuvs8n7v76hV+ptClkGKd+1QxpmXNowjeqmRECKi2gvKIoPhCWpJD8KTJ4e5cNTFIAo3jiIz9AbvNhGS92Cv+Y9aV4PTMJARGiClEetd4hhUlLgiGtPxBe85KRUR+qfhB9JcFXhlE9if9cIAewL+2OrN9ULb17RlfPOfpz9rVQUkePlRu2AMWm5b6k0LUOpb31f8Qpvu+9AaK+xpJgH0W+SWZhj13d1Nr50OYiRUWHEYaTtwkyRALs0BDJGQEiw0Ekjmjbc1p7vlDPOqinFhYOXd/O9hKqyg8xjv1EmDqB5HxjHFklsKZXk2FCSdAzfeWeYfeY44rTnIn1RTqFLIgyCoefTvDQP0hMfhxGwq03oKCubO8D6OGSF90VlKzCfbnx8XHYL13Lw3nOc0/DJyRfu/sCgG3ow7Ib9ZhGhfEnn84lzECI4DPjNWLUuKpNyDQ8Py95ypKVe7MKDo15hucWz8EfTsXuPOvxULtN2zUvDOYLX9NS05Mf+fjjKFjqVQXo2xdDyhPgklSuUY+fZIKD6wN6wO+xv0G+KPDExKRloeGxu3iTZCou07Iyvug7bULT9hHJINzg4KDtGhf6cY3v8yF9/+IfnXNeTe/xkRPAbGBxyI6NPKxYtdqRICt395f79+7L5KjvnsjkkQ2M+es9GChBXf3+/AIc/u8o8e/bMffzxx0KIkNDIyIhsUgrIbCBJHDZUeP78uSjs3Llz7u9//nZzs3P5DSbhFz+Hg+CQz/CfTTxRKnnQUNnUlu27Ll265Hp7e2Vrr5MnTwoZ3Lp1S8pJw8YASM8PUmZLsG+//VbOr1+/LjIhIyURGvyXX34p097Q4JbfLgupgMvbt346zMkKTtNTh3/++ceNj427zVs2S547/A7DbLZ5584dwYPbFODJphPgwy7O7ATe3d0tZeaoHcrFixfFyEmDsQvZ'||
'eWzQCXEwdPJmL78LFy4Ijnf9ztlckwc6Yefszz77TPJBf5QDOeAAjuj52rVr7vjx45I/eVE2bgegz/fff9+dOnVqBQQsOEsE2JcRO6SD4riSI05He4cMAG7fvu2wORw2wPZ4OHSJ/hkl0b5oZ9gPuj5//rzDbrA9bBJH2/voo4/c1atXxZ7w13TI5/PHxPniiy8kP+ywXqbStG1uczFoWKljTyRFvekkc2zfKGioNCh2ob53755Uls1YIU2AYedqRj70IGfPnpX7kWTOTxs1jQ1ygiBpiHwzGvlLfkNb4pGWjSbxg1xpyDR8iA8ZNEpAJp/Dhw/LOeSJzBMnTshHtSAbtjhnt2ji0NuhHORDBqRnx+gPPvjAQfSQFuXHGGj8KJR8cKrQvd6I+EWdhkf9w2sMDBLBGMmP8lIufpA1pMzolo6CMlBfcKX+jLQpC+UD/927dovoY8eOiZy//vpL6gKe1HfWk+IOnx+Eykjv5ImTgjVG/MknnwieyOOmMmkgQXRJXuiWvPkwmepg1vuhA+LSgGhM6IGyKCnWk+GHuDfDudoX+jjW31dWJQ0vC4h4kB5dY0+0AWwQe4TU0KsSG4MG2hb2inv/uLfbF5PSnuhwaSsMYrBbbIIj9gAZYru0K2ZhyFYSjhRlwy6PHjmcOu/YJTkYulYaoGi4AMhoAsICIICGaGhkHPFXJUEEpAd8GrumIRzZgIsDVHonGiRxcJyTF3kSH/l6JB/yJi7fCJkqECxKQJH4o3x6KwiO+JcvX5beDaLQeoiRTL9xo09HJU/iQaaE16JM0lMn6qMOWeSD45xwMIF4yAuCwSAhHdJ3dnS6Of/dCuqqP9JyjqNunIMt8vjNvJlxO3ftlB4duV999ZXkiZ7AQLHH6Ckb/lpOMEa3lAkd4P/zzz8LVozC6Vjw1zBw55z4xGVkaq5+EMAesHltR+iJc9obgw32BEVv2CS2QbvCEQf703QcCYPsiIdD93S6dNbM0mjXyEcm'||
'doV9kUbPsRPsq5Gc4iV840Ermw3iRSQA1EZZzxVkSsGmr3EOQ8BY4lxoDHHhJX6FaX2JX+EiiRRDI41Ll5Uf+qIMaui1ygUrMYoCEdcqx9KtPwJRUkSX2IV2zFWXqIK9p5HFE2q9BZcm/kbHCUkxni18CWW0UphDx/BmxTookaZJR9w08aIZajopZ4QQVR5hSoihn8rS3pHruHCNJ8d4zi1GIa8S56+Lft7AdBlD0c9H1jxL0q1wEZceP8gsKk/jRv3JgrDQn+soVpWKorIrxbGw9UMgTh/qF+o5bYmiafWa9CvJI24jEaJg4svsW4WcJpIiPK+dRQiIpEr5J226tPGi2SalC/1RINehX1QO1yuFx6Up+nn54FXqIB3kel//izOSVeWJWBGez1XrWVqG/FUYLwyP+quMqH+Yxs7rEwGxv9AeSiwO+6+t3HG2EOdXm/R6SvUOoMQlORBiM7h1USAjwQhgkcs1hzKLemYhY80rahnEIhBnb+pXKyHGZtSknuHoN5EUm7Tu61atd/3OumVpGRkChkAGCBgpZgCiiTAEDIHmQcBIsXl0aTUxBAyBDBAwUswARBNhCBgCzYOAkWLz6NJqYggYAhkgYKSYAYhxIvTJX1yY+RkChkD9ImCkuEa6safPawSsiU2NgC3FSQ1VScTExdslseyiagRkzZ8xY9W4WYJsELA1p7XjaCPF2rGzlIaAIdCECBgpNqFSrUqGAG/bm6sNASPF2nCzVIaAIdCkCBgpNqlirVqGgCFQGwJGirXhZqkMAUOgSREwUmxSxVq1DAFDoDYEjBRrw81SGQKGQJMiYKSYhWL9ekRbKJsFkCajVgRYEmvLYmtFrzSdkWIpHjVdiUEaK9aEnSXKBgFbrJ0NjkgxUswOS5NkCBgCTYCAkWITKNGqYAgYAtkhsL6kGLPIPvw2wmqrlaWs1ZalZdOj46ieo9erACdWxxnKX0XRWiNpjH5jdVIjGlnKqrEI6zx9Du4E851i'||
'HPdCAIJrPeKv4IR+GkfDw2vO9b6K+nNUp34qV/3tmDEChTv+od54AqD465FcVRfqp2nUX681LtehjknHD/kalyM/c2uEQIx+tQ3z/XXVg+pMj6Inf6G6Dv1VX/L99sK9eY2n6Yivfhofv7VwG7ZLTvjNZUBVY487ql9SGkAKw/Rc0wGc+q0FiCazHAGwj8M/9NPzUDfqh0TO9VqPmlOYJhpX49hx7RAIdaP46+Nv1VV41PNQb2Uygu+3azxNRx7qt3a1ykvO/Z93cZksedbPtbd7o4wLTe8HYVGxhYUF9/fff7v5+XlhfPz4+PqjR4/c0tKSnNMTTE1NuS1btrjZ2Vl37949OV9aXHIPHz50nZ2d8nvz5o0bGRlxmzZtElnImZiYcP/++6/0VPgjExkvX750r1+/lrj44eiRsgZ42dcTvNQtSx7vGrX6N+NRdfzs2TPR2eLiolQzl8s5zoeHhwV/rufm5uSHjsbGxtyTJ0/cjh073OTkpBsfH3dbt24VW3j69Kmbej3lch05RzrsZWhoyD148EBkoXNsCXnExXaIR1nQM/oNG1Qz4h7WKWpv2CND6PaAaML41Zyrfml3t27dcjMzM5Jc2zA6wYF/2Ianp6fd/fv3XXd3t+iJNrx582bRH+0S/dOmNS36pw0jF/uAM9AvbXtqekr80C3l4ZdlG17y9tPu8wWvdRspAtYvv/wioJw4cULA+/TTT6VRjI6Ouv3790tFAfLixYtCoAMDA9LIUAJgciTt0aNH3dWrV93u3bvdoUOHXF9fn/vf1f+50ZFRCUMGYTRIQOQHMfb29oqCTp486bo7uiW/Vmo4Yn1r8EcbDYb+ww8/uLNnz7qDBw+6nTt3ulOnTrk///zTdXV1ue3btzt0Awl++OGHYg8U58aNG2L8dIZ0it988417/vy5NMBdu3a5M2fOSAO4fPlysSNFt8ih0UCOomfvd8jrmHxJYy4bBFS/YP7jjz8K7rQhSIk2TDt99eqV'||
'27dvn7Q5yIw2/Pvvv7vHjx8L0aEnOjIGKufPn3fo9ddff3V79+6V9ks75pqO9ciRI6JX9IheSUMZIGXaMLaEjWknmHUbfje0yQa/RClU6vTp0wIMzM8IAfDoEWgA9Pb0Knfv3hVAIDEAuXPnTnEE8dtvv0k6eh5Ikh6KeDSKF5MvxA/ypUdiVPrw0UNR0vizcZEN4ISRHufHcYnltYDqEUAnFy5ckM6LUQA6xdF4GNnTQG7evCk6xNBpSByvXbsmnST2cOnSJSHGPXv2SCMY8qND4kCmECYjSTpHRhTIokPFcf3M2xGzC+LTULA5c9kiABmhT9oSbRiiRO/oe9TrGD1IG56dk1ka4XR6zARo61euXBG7oIOEJAcHB0Wv6Iw46Jc06J10zDJo09gO5xzJiw4UlzUhikxvOGWWg9e8n7Ju8oX2tpWJo6IYM0SH8XNkdIifTpkZmkOC33//vfjRaABOh9jEo4ehB4FY6X22bdsm1yiIctOLKDEC2PHjx4U4kcNUnfiMNombFaDIWlxadp1+qqduweOXy7XLkFz9mvaYn6mJLnXUho7BnBH7ixcvROdc//TTT66np8d9/fXX0qjQFXrAyHXUxyiThkcjwU4YgXBNg6DRYA9zc/O+8d2RmQEESueIP43y3Llzkm+WOq533WFvHd7e1KYXPW50+/it2hX0i05pr7Rl9MLvwIED0lYZxUGOf/zxh3RU//3vf0V/dGbahtE18dAX7ZDBEPZCe4YkaZ/oGVsgLiNQ9N3f3y8dKKSKH3keO3Ys0zY8v7Aot79os23ecNaFFNMohkYB8AC2WgeoOEBWp0N4ht1ZupYnxSrApGOjkWhPX0XSsqjYinaYGsiIIwvZKq9RjmtKilWAAP6Qpc7GqkhaFhU5tF8leiIgH3IM23VZwho8NowUo/xLZUO/sPL4h+FMdf3tValuiX9BRuhHJJWVJL8G3BKTkEdLjxQDZEK88a6kl1CngYhY3a0kS8NDOa10'||
'vl6kmFa/YB+Nq/qQ21Z+BhoNr2QrxbS+va+FC0lx3R60UBElqrBSoR8g8Qt7hzBcwCwkLvEvABX6KeAr+YVlsfPVIxDirdJCP50uq1+oU42vR42j1xxDP3TMdZxfmMbOs0MgxFqlhn5xbVjjRY9hOg0L/TaqDa8rKWrFk44AEoKSFC+Nf5ycOL80sixOdghkOe2J02ecX3alN0krIQD+WekgTk6c30plqjb83Q23alNafEPAEDAEmhABI8UmVKpVyRAwBGpHwEixduwqpix7pF8xtgUaAoZAvSBQV/cU6wWULMohN4kL67uykGcyDIFqEPDPoLyzrrkazDSujRQViYyPa7NwIONCmjhDwBAoQ8BIsQwS8zAEDIFWRsBIsZW1b3U3BAyBMgSMFMsgMQ9DwBBoZQSMFFtZ+1Z3Q8AQKEPASLEMEvMwBAyBVkbASLGVtW91NwQMgTIEjBTLIKneg9Vg+vJ69akthSGwegRkI4bVizEJHgEjxSzMwLNifrFsFsJMhiFQPQK2TLt6zJJSGCkmIWP+hoAh0JIIGCm2pNqt0oaAIZCEgJFiEjLmbwgYAi2JgJFiS6rdKm0IGAJJCBgpJiFj/oaAIdCSCCSSIru8FD590pLAVFNpwSlmWxzDrxoULe5qEIgxP2u/VQAafuYgYT/FNv/d1bf+U4X+m7ztHm5Zb+KPcchXkXHDRk1Y78DXBds984HTW49X6JY9Znzhj+/IFvELI+h5q2Kq9W/lY6nJ1IAEAvJfuaS9ho51i3zlN9fuj/68+IGwVrS3UmhCmPLnHpMlD1Zb4dPHsaTICIffnP9AdJ5B8+DnIMgWdEticEnI5j/TGv3oOB9o4rOTEKNnxUTU8l8urBglMa0FNDYCkNXqF/3n7a/dt006aHU5b3+039l5bC9vf7Rl4lUwR03ePEeq69svWMc7MMuHCTb+6v8B8OtVxNTFrU0AAAAASUVORK5CYII=';

la_hostoperations_screenshot CLOB:='data:image/png;base64,'||
'iVBORw0KGgoAAAANSUhEUgAAAUUAAAB9CAYAAAA1KnEpAAAKQWlDQ1BJQ0MgUHJvZmlsZQAASA2dlndUU9kWh8+9N73QEiIgJfQaegkg0jtIFQRRiUmAUAKGhCZ2RAVGFBEpVmRUwAFHhyJjRRQLg4Ji1wnyEFDGwVFEReXdjGsJ7601896a/cdZ39nnt9fZZ+9917oAUPyCBMJ0WAGANKFYFO7rwVwSE8vE9wIYEAEOWAHA4WZmBEf4RALU/L09mZmoSMaz9u4ugGS72yy/UCZz1v9/kSI3QyQGAApF1TY8fiYX5QKUU7PFGTL/BMr0lSkyhjEyFqEJoqwi48SvbPan5iu7yZiXJuShGlnOGbw0noy7UN6aJeGjjAShXJgl4GejfAdlvVRJmgDl9yjT0/icTAAwFJlfzOcmoWyJMkUUGe6J8gIACJTEObxyDov5OWieAHimZ+SKBIlJYqYR15hp5ejIZvrxs1P5YjErlMNN4Yh4TM/0tAyOMBeAr2+WRQElWW2ZaJHtrRzt7VnW5mj5v9nfHn5T/T3IevtV8Sbsz55BjJ5Z32zsrC+9FgD2JFqbHbO+lVUAtG0GQOXhrE/vIADyBQC03pzzHoZsXpLE4gwnC4vs7GxzAZ9rLivoN/ufgm/Kv4Y595nL7vtWO6YXP4EjSRUzZUXlpqemS0TMzAwOl89k/fcQ/+PAOWnNycMsnJ/AF/GF6FVR6JQJhIlou4U8gViQLmQKhH/V4X8YNicHGX6daxRodV8AfYU5ULhJB8hvPQBDIwMkbj96An3rWxAxCsi+vGitka9zjzJ6/uf6Hwtcim7hTEEiU+b2DI9kciWiLBmj34RswQISkAd0oAo0gS4wAixgDRyAM3AD3iAAhIBIEAOWAy5IAmlABLJBPtgACkEx2AF2g2pwANSBetAEToI2cAZcBFfADXALDIBHQAqGwUswAd6BaQiC8BAVokGqkBakD5lC1hAbWgh5Q0FQOBQDxUOJkBCS'||
'QPnQJqgYKoOqoUNQPfQjdBq6CF2D+qAH0CA0Bv0BfYQRmALTYQ3YALaA2bA7HAhHwsvgRHgVnAcXwNvhSrgWPg63whfhG/AALIVfwpMIQMgIA9FGWAgb8URCkFgkAREha5EipAKpRZqQDqQbuY1IkXHkAwaHoWGYGBbGGeOHWYzhYlZh1mJKMNWYY5hWTBfmNmYQM4H5gqVi1bGmWCesP3YJNhGbjS3EVmCPYFuwl7ED2GHsOxwOx8AZ4hxwfrgYXDJuNa4Etw/XjLuA68MN4SbxeLwq3hTvgg/Bc/BifCG+Cn8cfx7fjx/GvyeQCVoEa4IPIZYgJGwkVBAaCOcI/YQRwjRRgahPdCKGEHnEXGIpsY7YQbxJHCZOkxRJhiQXUiQpmbSBVElqIl0mPSa9IZPJOmRHchhZQF5PriSfIF8lD5I/UJQoJhRPShxFQtlOOUq5QHlAeUOlUg2obtRYqpi6nVpPvUR9Sn0vR5Mzl/OX48mtk6uRa5Xrl3slT5TXl3eXXy6fJ18hf0r+pvy4AlHBQMFTgaOwVqFG4bTCPYVJRZqilWKIYppiiWKD4jXFUSW8koGStxJPqUDpsNIlpSEaQtOledK4tE20Otpl2jAdRzek+9OT6cX0H+i99AllJWVb5SjlHOUa5bPKUgbCMGD4M1IZpYyTjLuMj/M05rnP48/bNq9pXv+8KZX5Km4qfJUilWaVAZWPqkxVb9UU1Z2qbapP1DBqJmphatlq+9Uuq43Pp893ns+dXzT/5PyH6rC6iXq4+mr1w+o96pMamhq+GhkaVRqXNMY1GZpumsma5ZrnNMe0aFoLtQRa5VrntV4wlZnuzFRmJbOLOaGtru2nLdE+pN2rPa1jqLNYZ6NOs84TXZIuWzdBt1y3U3dCT0svWC9fr1HvoT5Rn62fpL9Hv1t/ysDQINpgi0GbwaihiqG/YZ5ho+FjI6qRq9Eqo1qjO8Y4Y7ZxivE+41smsImdSZJJjclNU9jU3lRg'||
'us+0zwxr5mgmNKs1u8eisNxZWaxG1qA5wzzIfKN5m/krCz2LWIudFt0WXyztLFMt6ywfWSlZBVhttOqw+sPaxJprXWN9x4Zq42Ozzqbd5rWtqS3fdr/tfTuaXbDdFrtOu8/2DvYi+yb7MQc9h3iHvQ732HR2KLuEfdUR6+jhuM7xjOMHJ3snsdNJp9+dWc4pzg3OowsMF/AX1C0YctFx4bgccpEuZC6MX3hwodRV25XjWuv6zE3Xjed2xG3E3dg92f24+ysPSw+RR4vHlKeT5xrPC16Il69XkVevt5L3Yu9q76c+Oj6JPo0+E752vqt9L/hh/QL9dvrd89fw5/rX+08EOASsCegKpARGBFYHPgsyCRIFdQTDwQHBu4IfL9JfJFzUFgJC/EN2hTwJNQxdFfpzGC4sNKwm7Hm4VXh+eHcELWJFREPEu0iPyNLIR4uNFksWd0bJR8VF1UdNRXtFl0VLl1gsWbPkRoxajCCmPRYfGxV7JHZyqffS3UuH4+ziCuPuLjNclrPs2nK15anLz66QX8FZcSoeGx8d3xD/iRPCqeVMrvRfuXflBNeTu4f7kufGK+eN8V34ZfyRBJeEsoTRRJfEXYljSa5JFUnjAk9BteB1sl/ygeSplJCUoykzqdGpzWmEtPi000IlYYqwK10zPSe9L8M0ozBDuspp1e5VE6JA0ZFMKHNZZruYjv5M9UiMJJslg1kLs2qy3mdHZZ/KUcwR5vTkmuRuyx3J88n7fjVmNXd1Z752/ob8wTXuaw6thdauXNu5Tnddwbrh9b7rj20gbUjZ8MtGy41lG99uit7UUaBRsL5gaLPv5sZCuUJR4b0tzlsObMVsFWzt3WazrWrblyJe0fViy+KK4k8l3JLr31l9V/ndzPaE7b2l9qX7d+B2CHfc3em681iZYlle2dCu4F2t5czyovK3u1fsvlZhW3FgD2mPZI+0MqiyvUqvakfVp+qk6oEaj5rmvep7t+2d2sfb17/fbX/T'||
'AY0DxQc+HhQcvH/I91BrrUFtxWHc4azDz+ui6rq/Z39ff0TtSPGRz0eFR6XHwo911TvU1zeoN5Q2wo2SxrHjccdv/eD1Q3sTq+lQM6O5+AQ4ITnx4sf4H++eDDzZeYp9qukn/Z/2ttBailqh1tzWibakNml7THvf6YDTnR3OHS0/m/989Iz2mZqzymdLz5HOFZybOZ93fvJCxoXxi4kXhzpXdD66tOTSna6wrt7LgZevXvG5cqnbvfv8VZerZ645XTt9nX297Yb9jdYeu56WX+x+aem172296XCz/ZbjrY6+BX3n+l37L972un3ljv+dGwOLBvruLr57/17cPel93v3RB6kPXj/Mejj9aP1j7OOiJwpPKp6qP6391fjXZqm99Oyg12DPs4hnj4a4Qy//lfmvT8MFz6nPK0a0RupHrUfPjPmM3Xqx9MXwy4yX0+OFvyn+tveV0auffnf7vWdiycTwa9HrmT9K3qi+OfrW9m3nZOjk03dp76anit6rvj/2gf2h+2P0x5Hp7E/4T5WfjT93fAn88ngmbWbm3/eE8/syOll+AAAACXBIWXMAAAsTAAALEwEAmpwYAAAdUElEQVR4Ae2dWW8cx9WGixyJFKmV2ilrs5XIi2zYnxIETgADRi4C+B/453y/xve+8UWCBLEdwBBsQLZlyLZsRbT2fZe4U6nn9JxRsdUzag57OAvfkobdXXu959Rbp7qrq4eeRReaOIJaBDdJJW8hIASEQH8hMDw83KjwhsZZ7mRhYSHwGxoayoXoUggIASHQZwiY6ef2X+S0lNai8TcUSXFkZMQaVUyKMe3i4mLYuHFjGI6kmOXnGQa7tjwTwsSihEDdshyKpdp1lrrhn0JJOPmQc1rHNI7OhYAQEALtIuCs5cad803KU+Q9Nz9nnFer1UIhKcZJcyS04UAE3GoIK6M9y6bpn9Xk3zRTBQgBIbDuESjiFvycJB0g5zquC0mRAIxA2PTu3bt2JNH4+Lidz0zP'||
'hPmF+bBp0ya73rZtW3jy5IlZlnNzc1bg6OioMe/3338f9uzZYz/ywALlOD8/Hx49ehQOHDhAcZZPvqIWoD9CQAgIgTYQ8NkrSc9fmAqzMzNhaWkpbNmyJRw9cjjLsT5NTeM2JUWPdPbs2TA1NWWEuH///jA7O2sEODk5Gfbu3WuFQG7fnv42jG8et3n5w4cPw+HDh8OJEycCJEn6U6dOGRHu2b071DZsCNPT01Y5J8U22qwkQkAICIGmCKRG1vZtW8NC3agbrd87tIQFpmRTUvQM9+3bF7AEb9y4ETZEMsPKg223b98esAbPnTtn51tjoXfu3AmPHz8OR44cMTKk0KNHjxqJEvfWrVthd7Qayefq1auWr7fIy/NrHYWAEBACVSGwe9eu0lkNRYvQ70U2EuHF9JYHLTgIi2mvO7ci8cfiIx5Pbi5fvmzk+e677wYecfODQHGckwdH0vFkGwdBygkBISAEuokAfAc3YfS9lBRlwXVTVCpbCAiBtUAgJcXmZlq05twVGJMWBGGmYU6g7pe/9vzSo8dJ/XQuBISAEFhbBOC7jPOakmJclNOI1Iq4loXFiXi2nOc5odKwZXHwkBMCQkAI9BAC6T3EpqRYtr7LrMLIhWXWJZbNW/GEgBAQAmuNwKpJUVbgWotM5QkBIdBJBJ6/Bd1mKTxd5kmyW4xtZqNkQkAICIGeQGDFlqKTHxbivXv3wvXr1+0xNm+tTExMGDnWF4n3RANVCSEgBISAI1BmZrtiUkwz5e0WXgMcGxuzBdwUvLT0LCyxOYTXQkchIASEQJcRcEOtVsvWSbeqTtN1inMLi2EkLqxOVuZYPizAxlpk0TWkyBssrPHhDRfIkbCUOFsVrjAhIASEQC8gMDe/EGq2eHu4+YYQaUWd6Nj04eLFi0Z+vMrHq3v8UidCTNHQuRAQAv2GwIoetPBAhVdheKXP7y32W4NVXyEgBIRAKwRK3lPM7hBiBbI5xNatW40c2QGHHwTJNmL+'||
'rnSrAhUmBISAEOhlBEqRot9X5B4iG0Bs3rzZ2vT06dMwFbcF4/4iu+nwBJolOpEj5YSAEBACPYdAtiFN62qVIkXPYseOHWHXzp3hSSRDrEMsQ348aJETAkJACAwCAqVI0R+0YAXevHnTFmtjLfK0+dixY3bN9BkHE8sJASEgBPoVgVKk6I3jQQu7akOGTn5Ohh5HRyEgBIRAPyNQyqzzZTYsv+HeIfcQ85vO9jMIqrsQEAJCwBEoRYq+/IZ7h9euXbMnzv4RKqbTFy5cMAvSMtVDFsdWRyEgBPoQgRVNn2dnZo0QfcrMVPqHH36wt1m4x8hyncV435HX/OSEgBAQAr2GwIYSr/mtiBRrG2phd/waH9NorEeIkC/2sVTHl+kMDw+F+HZhr2Gh+ggBISAESr2CXIoU/Z6iv/cMIXLOmy3cY0ydx039dC4EhIAQ6BcEVnRPkUbdvn3b7h+K/PpFxKqnEBACK0GglKXoGbIMhwcsTJ/9QUv2Bsszu8ZPTggIASHQzwiUIkW3Cpky8wTayY/3nn/77TfzO3DgQNgVPzhtD1l887J+RkZ1FwJCYHAQqHPSsL+z3KJlpUjR07MRxJtvvmn3E9lHEYvRN4XAYsQ90yazDpeOQkAI9AgCbqcNVf30mUXb6eaykOLhw4eNJLds2WLNZ2dbTaJ7RBNUDSEgBFaMQClL0d99ZukNi7chQHbaZjMINomQEwJCQAgMCgKlnj57Y3nQwrQZp70THRUdhYAQGCQESlmK3mDuH7IZxMzsjHnx0IU9FbmfOD6+Od5jHPGoOgoBISAE+hKBFZMiT5iZRkOE/K5cuWLEyL3FvXv32mt+Nt3WWy19qRCqtBAYZASY7b7sAfSKSJE3WLinyJHMfXkO9xh9mU79wwVBnDjIqqW2CYHBRWBFpIgFyCYQ/mof9xUPHjxoBAlR4iBLOSEgBIRAvyJQihTTxdssyWGzWRxLcvg1nC8GanjoRAgIASHQXwiUMuuwEHFY'||
'g/5WizeTMKbRtnhbm+M4LDoKASHQpwiUshTTtvEE2q3DmZkZ2yACv53xg1asWXQCTdPoXAgIASHQCwj4rLdVXUqRomfE8ejRozZ9hvyYSkOM3GccHx+3cpbqr/m1KlRhQkAICIFuIFD5JrOsSYQAfRoNKfKg5cGDB4H3onHaZLYbolaZQkAIlEHADbxWcUtZiliFZMbT5vv379srfhAijk8T+OcJuC5TKPHkhIAQEAK9iECpBy1ecd9tG0K0BysesA6O9WdN8Z7pOmhsySamWOhecnPQTGXinxSv5rHXR0iKhetO6tdNFEpZil5Bps28tcKrfqlF+OTJE5tSD/L70NFQNudHx2Q9H1MsUn1Yz5gUtd1UJ/6pq1BRlHXnV6Q7qV83ASlFiq7wPEzxBypeaaxHNprl9T8WdfPghSU6nsbj9cOREf1ZfHVxaGg4jupL9SfpQ/GBUq1+nrXCbyf0Q5uqrCPtBiM6N+dsKFyLi/VZsM/MwY8RwHVJAGCA3oOLY+RvemVyGDK96se+sVo9Mt2JuKAjtJ+1zhzBx3Uni8MtuNWW9mJ611v462UvmJQixReLyDqFC5fGuIMQp6enX1qwx++FI/UHqIVI8FPxG9ZYvLSNHYF4hXFiYsK+bb0xWsosP+I9753Rb2ExCpZ/nZBiLwBTrwP41OItk3t374brN26E3bt2x/ffZ8KjR4/C5ORkHAhnw9VrV8NYvL/MgPK73x0Lw1HZ2XB4wKGxwcHlf/HiRbueiMvTrly+bAYEX7+8FM8ZbPn8LzOt/fv3h8U6KfSQmDtSFdOdqAvMJi9dumTL9uhXPLSdnDxgpHhh6kLYHDeUWViYj7rzO1vy5wNMVZWiHsiJ5x8dI0VXBJj+yJEjjbWLPIX2J9FVNWgt87kTP8zF51oRCkDyLWv2jtwXlXmWXYIiqJNRqf2TrmtZt26XtTES48OHD+KKg1dsUxAeuiFr2zlpZtpmCNu3bbeO3+26dqN88KBfMGDe'||
'v3fPdAT92ROJ8dHjR2FhfiHs3bPHwrtRv26WiXFxNw6qrGemX6E3ExPZXqzgMz8/F/Eat9nmcut67Ws9FCv43Myrl4/X3EL8hGnsBIM+0uchZ/rvD5J8tPL3uhntGGW4Jg63DugELxt58mX06zXtxVJ2PJgVOB6EcY1CD/K95VayY/co9AEscPQj1xXCcBs3bIxW9Iqeb1q6fv8DFvQt8AAj9Igj14TNzs7ZbSr6Ff5r7ebigMWtIL4cUAkp0qhuNKRK4LwNCI7pP8LinKnzjThlnNgxER5EK4kpo5vgTAF4i4cpkqevsk7KSwgIgbVBICXFtu8pplXtd0KkLd6Gmzdvhlu3bhnJ+euMPEjiBi2WIlMkiHBk44hZRm4BePoUl0E8T8k/PecJDI9h1gsOhbL1u/kxEGxwjkf+2gLX2Z9UX9Jz150Ur25CU4ml2M0GVFk20+U7d+40pj/c92AqiMXItJC3eThCltxHw1LE3Od+iZwQEAL9i0BqKYoU+1eOqrkQEAIVIZCS4vq741sCREx7m+7UH0HZeYl0iiIEhED/I1DJPcX+h2F5C/w+kPvmr91fRyEgBAYPAVmKgydTtUgICIFVIPASUqzPH1dRgJIKASEgBPoJgaakyPJJTRv7SZSqqxAQAu0ikHJdk3uKcVV+XJ7CExk2ja0vuWq3vL5LlwJUvvLJIjVLlL8un5NidhsBHrR1uw4qf60Q4AUa9j3gDT5c4ZIcAhYWs4/dc77e3EpJEVBf6ET+ppI6V1+qT1+tOIgKiLrl64we5/36UhhrUGmw2hDXINOXm1iK8bMCQ8/iIubsU6ZWJ+vk3tNNAllVm/kTmg/Dz9mD0ku5tWeV+F7G8nrGOr9o98U4NIH2xLaMsLNOfHfSHbuizMV3gRvtJSBts+PQyj8fxnU+nV1bRWJgvU7Ew3kYwbh82sw3+ltgrn4euA6PjlcGTJcBqMs23w1yusQuRrWNy7vzfHy/2N7f9xakafBL9cHj'||
'pEfiexzDpAFMEitfsSSoJ05b4Ufds4EjI8Sa1Xg5ikkj2O/MXs6OHT0/2jg0zeDwcEggTWv+8Y/jTHEetyivLL7HSCrXK6exIYwwmN7gxdZi7ubjNW+/sGFCioGH06qiNhPeaHEOPw9rlo5wd3krIcszyqNpqZ4yO5Jerj8QQL/QP7Zrc7mxKQWyHo062djfMWmOxYvp0KUiXcxLv5nOeXlJ1n15apubREOG/lpIilknjhtA1ufYfdnKNax0DWLEKsw5lHRY5JJDRZedQMBIsD5Ikz99eHg4kmTs5Jn904lSByfP1HgpJMW0qeyBxju/fLUPyxGwGR1gVn74+aashLFBAlvwYCmlu3R7OsL5+h87y1CR1NmmpPHBTq84r/O9e/fD3bg/Xmb5Ddl+irTZw+NJYZUhRDaRYJcdNhYFD0+DEvv2SbxL7SOuv2cNtr4bj2VeH9LBj00r2Omc/Dw++bocvDKUTd7ICMdU6nbcL5Kdf9L640998JPrHQRcV9CFa9evR/lFyy7KeXvco3HnzomGLhXVmHjoKxakb+6K3HGeLzs+zcR9MLdu3Wbyp6/zvj/9kvf62UmfHaOIz65RqX6gM/n+W1SPXvG7cvWa8RX1Zt+Cyf37mlatKSkCBI6OdebMGdsoARAA8tChQ9Yhv/rqKwORzgmY7CBDoceOHTNQDx08FL4/830EdDSmexhOnDhh4P/9738Pv//9701obNYKIUAc5M+GrggHQmA3mjfeeKNp5dcqYCl+mgDSwD17FqfDJQp2/FDKs2fPhls3b4XRTaOGJxuPsnv3qVOnTGlRVgRFXEjr7bfftl2/iTM1NWVY0jEYmMDq888/tx2KIUTqBeYoLOnZnAK/9957L/z8889GoOyODYnyIy24Uh6dhnoiA99lHPkS9oc//CFrZZ2MSzRZUTqIwCIPPvlEhn1XfalUScgWffn111/D2PhY3CB5zNLRp//yl7+E8+fPh9OnT4f333/f+ty9OPDT'||
'l9EfdIL+SF9kIL4eSRn9Ywcp2zD2zt2wa/eucPL/TkZrNLtN5gN7qcqtcST6CLe5uNfPeSvXlBS9gXSkI0ePhAf3HxjpsYsMnRrQsEIYSbAkEQDEtifuLMyowuiEJQSodFY696HDh2wre+JyzS68gE0lIUPiX7lyxfJ55ZVXzApyUnQBt2pM1WENDGI9d8Vf3nl43j+9ZrBgi3UU7urVq4YHbUPBIH4GEtuvMRIjozPkB37gijIT/iD++AwAeENwkBmE6A5ssAYhX4gUpSYdREkHAGvSWJmjm8K5c+cs7OTJkzbIkZ74lM2W+sjcHXed1ucXVxyB7h1dv5Djq7EP5p2H5/25JswHS4wU5Hvt2jXrY+gWfRICJB59ENmPx8EQIsQPnaBcdJI+jP4wyKKrx48fD1u3bbW+euKtE2HT2KaiKvSU36GDr5SuT+GSHADxzgmwjBT4YUUACiC7ZUMHBDiuiUfnpLMzRSaMUYWO+cUXX4QPPvjATHKIlXgIgPwpC6IlHwSCP87JsnRruhSReqJkkJk7CB6lwnFOOO1kb0bIiQGBa3AFH9KCF9coK4o7/XQ6jMct2iGlL778Irz22mvhzTffNOUGYzAnD8qHMOci/tzHxI9Bi6MPTFijlIklSlmkGRtjOp99bIm4/MAe2ZBern8QQM7ep6g1+obDzwdQ+if9l5USR1991WYHxEPn6HfIHz2CANFJvidDnycd+kZc4rleky+zDu+vVmCf/nHdp+0tSZHGA0IVDkARUN+6FtPIZqSYKulq2w1+NbtxvnJ5LMWp13rcAn+1mPdT+lak2E/t6FZdU1JsylIZGWYdkJEE5wTpI4v75xtCvDSM65QQ07B82vy1l5n3X/Prl3DRC/WMbW74RfiyxQ/PMaT+zXAgXT7M8cv7N8MhzSMlxJWkb5a3/HsPgYauFVQNmaO+Nq5H3UpdK32wPBPdTdP5eatyPU5fHA2XDJumpJjBmDUn33C/9mNRo/NhJpi6'||
'QPJhRen7yg8SM7VLaw2xQYLRL/6K7su1wiEf5vjl/dMS8+dFcYv88ul03X8ImP7V+xe159rpz2Xu12nrPCz1W3beRHeXxRmIi+foLF8TkzSOUaVK91LwqyxsrfNiNM0BlrtcdY0GGr9Vo6MMivStyE9IFSOQWsxNSbE4qXzLIvB83CmbQvGEgBDoBQREir0gBdVBCAiBnkFApNgzolBFhIAQ6AUERIq9IAXVQQgIgZ5BQKTYM6JQRYSAEOgFBESKHZKCnvx1CFhlKwQ6jIBIsUMA6+lzh4BVtqURSJYtlk6jiC123hY4q0PA1hWKGVcHolK3jYDWtbYNXZCl2D52SikEhMAAIiBSHEChqklCIHvTWTi0g4BIsR3UlEYICIGBRUCkOLCiVcOEgBBoBwGRYjuoKY0QEAIDi4BIcWBFq4YJASHQDgIixXZQUxohIAQGFgGRYhWijesRtVC2CiCVR7sIsCRWy2LbRW95OpHicjzaujKFFCu2hZ0SVYOAFmtXgyO5iBSrw1I5CQEhMAAIiBQHQIhqghAQAtUhMHCkmH5roQGTtqxpQNHxE7DO452/XkUlJN9VgFdF0gL5FsqkzbKqzKvNKoSmX/NrN8Oy6fhWMvdB/F6IXwOK+5EX5x7GNeH+8W3O/drTEZ9zOiafFeXa/Ja4ep43fnIdQKAOayobngC4DPNyQg4eRm3y4Vwjb444lxtp3Hm4p03jeRwdK0KgQL7Wv+p9DlmnMvMw93NZp/6c23Xso0PDWQEez9NRe/fjnPidcl0jxZTYaKBfFzXWw/JgENfj+7HRMSJmMbSBG2Cn140AnXQEgVQ2FOAydDnh5+celvr5ucfxI/64NA3XhOfj4C/XGQTyeBv29e7mckiPfp7KDT/3p5ZOiJx7vDTc/QjvpKv9f3RFBSxG1q7FETrWe9XOierChQvh5s2bjVF/48aN4dGjR+HWrVthZGTEgOAaIGq1WiD+9PR0GBsbC9euXbPzTZs2Wfil'||
'S5fCs1hH/pHP4uJi+Omnn8L9+/fD6OioxZmZmQn8KJOPyXs9iEv+VbqlOFKCl7ulWLdhiLgKAD3THj06rrdv3w6//vprWFhYsJqCMecXL140+XI9OztrP+SNXK5evRq2bdsW7t27Z3qArJHVjRs3wuNHj0NtQ81kBY5TU1Pht99+s7yIMzc3Z3kRFyuC/KkL8qUDrQfsXSXy+oY+Yhagg6t1Lt+nT5+GH3/80foheYIvckAmOPBHDo8fPw700ydPnoTz58+HzZs3m5zos/RNZP/gwQOTP33X08IDP//8s+VLnPn5eUt39+7d8PjJY0uHbKkPvypJcjHWezi2B7zW1FIElH//+9/hT3/6kwH46quvhi1btoSvvvoq7N+/3xpN5zh+/Lj5f/755+b/8OFDIz5AoJP97W9/C+fOnbNOMT4+Hk6ePBkuX74cvvzyy3Dw4EEDdmR0JGwa3WSkiPDIA+Hs2bMn7N27Nxw+fLhBkiYV/WkbAe80KPonn3wS3n777bBv376wffv28Prrr4dvv/02IKetW7daR4EE33rrrYB8cWfOnDHlpyPRof7617+GO3fuWAfcsWNHOHHihHWAf/3rX9YJkTV6QD6QLORIZ1mMfpMHDli5pJGrBgGXL5h/9tlnhjt9lP74xz/+Mfz3v/+1/rV7926TC2T2/vvvh6+//jpcuXLF+iNygkAxUt59992AXOmvu3btCkeOHAmTk5N2zcBKHyY++oNcSUMdIOUDUb7oEjrmg2DVg99z06Ya/FrmsnPnzvDaa68FmB8rgU7ESAEAjPYo+w8//GD+WIiAQeeg04yPjVsagMZCBEzywIJECOTFKEV+WIs/nv0x/PLLL2aJIszvvvvOOiQjnY9OAC1XHQJYAe+9955ZEsgGmeLoPMiJDoJ8sQ6RLQMVx2+++cZkhxz/+c9/GjGiK3QCrEPiYHVAmFiS6AYWBXldv37dyuD6dtQVLFXi01EkX4Om0j+QEfKEvJAjfQu5'||
'I+/rUcbIgX43OzNrfZJw+i/GDtbff/7zH9MLBkhIktkgckVmxEG+pEHupGOWQb9GdzjnSFkMoLiqCdHyjIrzAjPgNbewGEZipaNuVeZQbJgf5Wd0Z6QHUEgSoCHHTz/9NHz00Ufh6NGjjWkXFXArgnhYlXQMOhXXWCUAC4GSJ45pOJbpG6+/YSPK9My0lQ2wf/7zny0d7awCVPJZWIyEHKd67uYjfrXasJnk7jewx2ymZjJxqw0Zo/QTExM2SPn1P/7xD5Pfhx9+aJ0KhUcGyBf5kx55Ilc6CfqCBcI1HYJOkw2kc7HznQuHDh0KECjyxp9O+c4771i5Vcm3H+SGvm2I+ub6vBBxY/qM36pdXb7IkH4HaZllHstg1kXfYwCjL58+fdoGqo8//tjkR59HD5ANsiYe8mKGSH9F3liEkCRGEXJGF4iLBYq84QL6OqSKH2Uyy6xSvnPzC3b7iz47FDNeM1IsIxyf5mIar9YhRLcKyQug8UN4VTogXNekuAIw6UB0Eh/pV5D0hah5+RIBi6OKvF8orMc9OkqKK2g7+EOY3KparSMfSNKJnvzIH3LEv0rXVVJ0DqahnPuRBqaNz4elAHg8ixNHQx62ePo0f/z82sM5Vu0oQ6SYoZrijU8qX7/mSLz4GKohO/zcpfJ1P46t8vLwNP56Ol8rUiwrX7DPx3V5IHf+58NfJl/Su254XlUdU1Jc0wct+UZ5A/1IuE+n3M+PRY33MAO5HsH9uLSOF8k3dUV+abjOV4dAir/nlPq9IF96RxOXpvMoqZ/LssjP4+tYLQIp1p5z6odM+OUtPI+bHtN07p/6kQ/uZX6etqrjmpPiyypepVmcgunlFvl5mI6dR0Dy7TzG3SyB/lVVHyvKp8iv6vZWOzGvunbKTwgIASGwxgiIFNcYcBUnBIRAbyMgUuyQfF54pN+hcpStEBAC1SLQc/cUq21e93Kzm8QwY/PnCN2rnEoeeASyZxQamtsRtCzFdlArkUZc'||
'WAIkRRECPYiASLEHhaIqCQEh0D0ERIrdw14lCwEh0IMIiBR7UCiqkhAQAt1DQKTYPexVshAQAj2IgEixB4WiKgkBIdA9BESK3cNeJQsBIdCDCIgUKxAKq8H85fUKslMWQmDFCKB/WpW4YtgKE4gUC2FZoWfUxvqGHitMqOhCoBoERIjV4EguIsXqsFROQkAIDAACIsUBEKKaIASEQHUIiBSrw1I5CQEhMAAIiBQHQIhqghAQAtUhIFKsDkvlJASEwAAg0JQU2eUl93mTAWhuZ5pgOBVsiyP8OoO3cn0RgQL1U/99EaamPulnDprspzgUPyD1LH6qMH6TdzjCbetN4rEI+abFDFBAk/UOrAwbjswHTs8iXqlbipjxhT++I9vAL43g5+sVU2//ej4uV5k2kCCD7IuI9NfUsW4xftE3fss4HuN54+Nu61HflkOTwpSdR0wWI1hD9c8qF5IiFg6/2fiB6IxBM/BrEOQ6dIumcM2QzT7Vmv/oOB9o4rOTEGNkxaaoZV89axmlaVoF9DcCkNXqF/1n+jcc+yYDtLta1D/678wcupfpH32ZeC3U0ZMPzpHmxv4L1sUOzLIwwyZe/Q/F/GDbYFUAbgAAAABJRU5ErkJggg==';

la_mwoperations_screenshot CLOB:='data:image/png;base64,'||
'iVBORw0KGgoAAAANSUhEUgAAAUUAAAB9CAYAAAA1KnEpAAAKQWlDQ1BJQ0MgUHJvZmlsZQAASA2dlndUU9kWh8+9N73QEiIgJfQaegkg0jtIFQRRiUmAUAKGhCZ2RAVGFBEpVmRUwAFHhyJjRRQLg4Ji1wnyEFDGwVFEReXdjGsJ7601896a/cdZ39nnt9fZZ+9917oAUPyCBMJ0WAGANKFYFO7rwVwSE8vE9wIYEAEOWAHA4WZmBEf4RALU/L09mZmoSMaz9u4ugGS72yy/UCZz1v9/kSI3QyQGAApF1TY8fiYX5QKUU7PFGTL/BMr0lSkyhjEyFqEJoqwi48SvbPan5iu7yZiXJuShGlnOGbw0noy7UN6aJeGjjAShXJgl4GejfAdlvVRJmgDl9yjT0/icTAAwFJlfzOcmoWyJMkUUGe6J8gIACJTEObxyDov5OWieAHimZ+SKBIlJYqYR15hp5ejIZvrxs1P5YjErlMNN4Yh4TM/0tAyOMBeAr2+WRQElWW2ZaJHtrRzt7VnW5mj5v9nfHn5T/T3IevtV8Sbsz55BjJ5Z32zsrC+9FgD2JFqbHbO+lVUAtG0GQOXhrE/vIADyBQC03pzzHoZsXpLE4gwnC4vs7GxzAZ9rLivoN/ufgm/Kv4Y595nL7vtWO6YXP4EjSRUzZUXlpqemS0TMzAwOl89k/fcQ/+PAOWnNycMsnJ/AF/GF6FVR6JQJhIlou4U8gViQLmQKhH/V4X8YNicHGX6daxRodV8AfYU5ULhJB8hvPQBDIwMkbj96An3rWxAxCsi+vGitka9zjzJ6/uf6Hwtcim7hTEEiU+b2DI9kciWiLBmj34RswQISkAd0oAo0gS4wAixgDRyAM3AD3iAAhIBIEAOWAy5IAmlABLJBPtgACkEx2AF2g2pwANSBetAEToI2cAZcBFfADXALDIBHQAqGwUswAd6BaQiC8BAVokGqkBakD5lC1hAbWgh5Q0FQOBQDxUOJkBCS'||
'QPnQJqgYKoOqoUNQPfQjdBq6CF2D+qAH0CA0Bv0BfYQRmALTYQ3YALaA2bA7HAhHwsvgRHgVnAcXwNvhSrgWPg63whfhG/AALIVfwpMIQMgIA9FGWAgb8URCkFgkAREha5EipAKpRZqQDqQbuY1IkXHkAwaHoWGYGBbGGeOHWYzhYlZh1mJKMNWYY5hWTBfmNmYQM4H5gqVi1bGmWCesP3YJNhGbjS3EVmCPYFuwl7ED2GHsOxwOx8AZ4hxwfrgYXDJuNa4Etw/XjLuA68MN4SbxeLwq3hTvgg/Bc/BifCG+Cn8cfx7fjx/GvyeQCVoEa4IPIZYgJGwkVBAaCOcI/YQRwjRRgahPdCKGEHnEXGIpsY7YQbxJHCZOkxRJhiQXUiQpmbSBVElqIl0mPSa9IZPJOmRHchhZQF5PriSfIF8lD5I/UJQoJhRPShxFQtlOOUq5QHlAeUOlUg2obtRYqpi6nVpPvUR9Sn0vR5Mzl/OX48mtk6uRa5Xrl3slT5TXl3eXXy6fJ18hf0r+pvy4AlHBQMFTgaOwVqFG4bTCPYVJRZqilWKIYppiiWKD4jXFUSW8koGStxJPqUDpsNIlpSEaQtOledK4tE20Otpl2jAdRzek+9OT6cX0H+i99AllJWVb5SjlHOUa5bPKUgbCMGD4M1IZpYyTjLuMj/M05rnP48/bNq9pXv+8KZX5Km4qfJUilWaVAZWPqkxVb9UU1Z2qbapP1DBqJmphatlq+9Uuq43Pp893ns+dXzT/5PyH6rC6iXq4+mr1w+o96pMamhq+GhkaVRqXNMY1GZpumsma5ZrnNMe0aFoLtQRa5VrntV4wlZnuzFRmJbOLOaGtru2nLdE+pN2rPa1jqLNYZ6NOs84TXZIuWzdBt1y3U3dCT0svWC9fr1HvoT5Rn62fpL9Hv1t/ysDQINpgi0GbwaihiqG/YZ5ho+FjI6qRq9Eqo1qjO8Y4Y7ZxivE+41smsImdSZJJjclNU9jU3lRg'||
'us+0zwxr5mgmNKs1u8eisNxZWaxG1qA5wzzIfKN5m/krCz2LWIudFt0WXyztLFMt6ywfWSlZBVhttOqw+sPaxJprXWN9x4Zq42Ozzqbd5rWtqS3fdr/tfTuaXbDdFrtOu8/2DvYi+yb7MQc9h3iHvQ732HR2KLuEfdUR6+jhuM7xjOMHJ3snsdNJp9+dWc4pzg3OowsMF/AX1C0YctFx4bgccpEuZC6MX3hwodRV25XjWuv6zE3Xjed2xG3E3dg92f24+ysPSw+RR4vHlKeT5xrPC16Il69XkVevt5L3Yu9q76c+Oj6JPo0+E752vqt9L/hh/QL9dvrd89fw5/rX+08EOASsCegKpARGBFYHPgsyCRIFdQTDwQHBu4IfL9JfJFzUFgJC/EN2hTwJNQxdFfpzGC4sNKwm7Hm4VXh+eHcELWJFREPEu0iPyNLIR4uNFksWd0bJR8VF1UdNRXtFl0VLl1gsWbPkRoxajCCmPRYfGxV7JHZyqffS3UuH4+ziCuPuLjNclrPs2nK15anLz66QX8FZcSoeGx8d3xD/iRPCqeVMrvRfuXflBNeTu4f7kufGK+eN8V34ZfyRBJeEsoTRRJfEXYljSa5JFUnjAk9BteB1sl/ygeSplJCUoykzqdGpzWmEtPi000IlYYqwK10zPSe9L8M0ozBDuspp1e5VE6JA0ZFMKHNZZruYjv5M9UiMJJslg1kLs2qy3mdHZZ/KUcwR5vTkmuRuyx3J88n7fjVmNXd1Z752/ob8wTXuaw6thdauXNu5Tnddwbrh9b7rj20gbUjZ8MtGy41lG99uit7UUaBRsL5gaLPv5sZCuUJR4b0tzlsObMVsFWzt3WazrWrblyJe0fViy+KK4k8l3JLr31l9V/ndzPaE7b2l9qX7d+B2CHfc3em681iZYlle2dCu4F2t5czyovK3u1fsvlZhW3FgD2mPZI+0MqiyvUqvakfVp+qk6oEaj5rmvep7t+2d2sfb17/fbX/T'||
'AY0DxQc+HhQcvH/I91BrrUFtxWHc4azDz+ui6rq/Z39ff0TtSPGRz0eFR6XHwo911TvU1zeoN5Q2wo2SxrHjccdv/eD1Q3sTq+lQM6O5+AQ4ITnx4sf4H++eDDzZeYp9qukn/Z/2ttBailqh1tzWibakNml7THvf6YDTnR3OHS0/m/989Iz2mZqzymdLz5HOFZybOZ93fvJCxoXxi4kXhzpXdD66tOTSna6wrt7LgZevXvG5cqnbvfv8VZerZ645XTt9nX297Yb9jdYeu56WX+x+aem172296XCz/ZbjrY6+BX3n+l37L972un3ljv+dGwOLBvruLr57/17cPel93v3RB6kPXj/Mejj9aP1j7OOiJwpPKp6qP6391fjXZqm99Oyg12DPs4hnj4a4Qy//lfmvT8MFz6nPK0a0RupHrUfPjPmM3Xqx9MXwy4yX0+OFvyn+tveV0auffnf7vWdiycTwa9HrmT9K3qi+OfrW9m3nZOjk03dp76anit6rvj/2gf2h+2P0x5Hp7E/4T5WfjT93fAn88ngmbWbm3/eE8/syOll+AAAACXBIWXMAAAsTAAALEwEAmpwYAAAeb0lEQVR4Ae2da3McR/XGW5It25Iv8f1uyZfEsU0qVP6Bcl5BQVWofAM+Dp+GF7yDF3kBBQVFIFBQQGITm4T4hi+y5bskW1f7378ze1bt0e5qdjWrvehpezXT9+7nnH7m9ExPz8Dr6EIdR1SD6Dq5FCwEhIAQ6C0EBgcHqw3eVD3LnSwuLgZ+AwMDuRh5hYAQEAI9hoCZfm7/RU5LaS0afwORFIeHh61TtUkx5l1aWgqbN282UsRadHK081hitCGrcZREHV6llVz54/nwpnk9DfH8ozy3Sr2s6tHSeA4dhYAQEALFEHBOch5yTlnmGkJCmF+YN84bGhoKNUkRghocGAwkWC8HMcoJASEgBMpEoBarEOYk6XWlXFeTFEkIMeJu3rwZluI0OpYSDh8+HJ48eRK2'||
'b98epqamzLLbs2ePkSdz8levXtmUmwrm5+fNHMXafPz4cdi3b1+Ym5uzxmCFmtUYyxwZGQnXr1+3NGfOnDHr1PNv27Yt3L9/P+zevdvSeR5rmP4IASEgBBogkPLFt9dvhLnZWeMo+Gt87ESWE5qLLJmmrUuKXteXX34Z/vrXv4YLFy6E/fv3h0ePHoVdu3aFmZmZAGndu3cvHD16NDx79sz8hHEvEtKcjY345JNPwoMHD4zsLl26ZGEQ5dCmoTA9NR1+/OMfhy1btoTJycnw9OnT8M0334Tx8XErY8eOHeH27dvhJz/5iZGit0lHISAEhMBqCKTW4K6dO8JiNMAgvy2Ve4eWv4YpWZcUvcDjx48bkXHE+nvrrbfC6OioWYdYiS9fvjQrECsRsuPIDctTp06FO3fuGFFCjtevXQ+bNm2y39WrV8PZs2ctPWXu3bvXiJBGTk9PmyUKm5Nv586d1Rugq4GgeCEgBIRALQT2RY4p6gYic/q9yGoeghYWFoy0CIToIEnCOWeqzBQYkiPMH2dzTjhpieOcqTDTZs6xIiHBL774wkgQy5M8pKdc0nLEpdNxf+BjEfojBISAECgZAfgOzoGDViVFtxhLboOKEwJCQAh0DQIpKdadPkfzLTY4m3BjzbXq3MJM8zvRupVInJ1XluakaTn39Plw+YWAEBAC5SCwzHd1STFOaqt1rZWU8vmdDNNwP9fSnCrsOhECQmCdEEjNvuV3W1qsHILj14xzAmwmj9IKASEgBNYDgbqWYtHKRXBFkVI6ISAEegGBNVuKPC1mXWKz1mIvgKM2CgEhsPEQaNpSdPLDQuTtlomJCXuMzfIa3jyx6XTEcfmO5MYDVT0WAkKgOxEoMrNtmhTTQll/yCt8rD/kLRfcq1dxLSNrD7sTE7VKCAiBDYgATz3gpKGhwVVXs9Rdpzi/uBSG4wJsW5mTgMgibKxBFmdDiryBwhofSBFyJC4lziSrToWAEBACXYnA/MJiGLLF'||
'24O1d8nJt9qJjvedb926ZeQ3NjZm7yzz3nLqRIgpGjoXAkKg1xBo6kELD1R4FYZ3myFKOSEgBIRAvyFQ8J5idocQK5ANGti9BnLkPWZ+EOTWrVur70r3G0jqjxAQAhsHgUKk6PcVuYfIrjjskoN78eJFuHHjht1fPHjwoG0txhIdGZEbR4HUUyHQSwhgzDmf1Wt3IVL0zGwbtjduFzYTyRDrkN1r+PGgRU4ICAEh0A8IFCJFf9CCFciGsdxbxFrkafPp06fNz/QZBxPLCQEhIAR6FYFCpOidgwyfP39uZOjk52ToaXQUAkJACPQyAoXMOl9mw/Ib7h36BrLecT2JdiR0FAJCoNcRKESKTnrcO+SbLDxxZodaFnIznebDU1iQ5rRSp9d1Qu0XAhsagaamz3Ozc0aIPmWGCC9fvmxvs3CPkeU6S/G+I6/5yQkBISAEug2BTQVe82uKFPkCH58qZRqN9QgR8pU/lur4Mp3BwYEQH3p3GxZqjxAQAkKg0CvIhUjR7yn6e88QIue82cI9xtR52jRM50JACAiBXkGgqXuKdOrhw4d2/1Dk1ysiVjuFgBBoBoFClqIXyDIcHrAwffYHLdkbLK/NT5icEBACQqCXEShEim4VMmXmCbSTH0+hb968aWFHjhyxj9rbQxbfvKyXkVHbhYAQ6B8EKpw0uNo7frHHhUjRkWEjiHPnztn9RPZRxGL0TSGwGHGvtcmsw6WjEBACXYKA22kDZT99ZtF2urkspHjixAkjye3bt1v32dlWk+gu0QQ1QwgIgaYRKGQp8rSZKTRLb1i8DQGy0zabQbBJhJwQEAJCoF8QKPT02TvLgxamzTgIUU4ICAEh0G8IFLIUvdPcP2RnnNm5WQvioQt7KnI/cWRkNN5jHPakOgoBISAEehKBpklx7969No2GCPnduXPHiJF7iwcOHLDX/Gy6rbdaelIh1Ggh0M8IMNtd7QF0U6TIGyzcU+RI4b48h3uMvkyn8uECffi5'||
'nzVLfRMCfYxAU6SIBcgmEP5qH/cVjx07Vv2YFThBlnJCQAgIgV5FoBAppou3WZLDZrM4luTwqzpfDFQN0IkQEAJCoLcQKGTWYSHimDb7Wy3eTeKYRtvibW2O47DoKASEQI8iUMhSTPvGE2i3DmdnZ22DCML2xA9asWbRCTTNo3MhIASEQDcg4LPeRm0pRIpeEMfx8XGbPkN+TKUhRu4zjoyMWD2vKq/5NapUcUJACAiBTiBQ+iazrEmEAH0aDSnyoOXZs2eB96Jx2mS2E6JWnUJACBRBwA28RmkLWYpYhRTG0+anT5/aK34QIo5PE/jnCfAXqZR0ckJACAiBbkSg0IMWb7jvtg0h2oMVj+i3Y/ZcyXpVecYU75X2WyfL6Y/fQxY+y3jmscCfD1tOrTMQ6CaMClmKLjamzby1wqt+qUU4MzNjU+q+eR86eYoeDWRzfnQsdHRcMoCEz7JG5LHI+5dT6swR6CaMCpGiEyAPU/yBincG65GNZnn9j0XdPHhhiY7n8XTdfMTa8VsE6Tlv6bBpLhtTpuHd3Jd2tA0j+XV8pROZggc0yJV9U/yQWea3kCqG7WhDt5dpmyvHRg7FlxfQFdby+i0m2m7YVTDs9r60o335mSUY4QbjGMu0J56jX23CiNqoB/5a7QWTQqRI4/OOTjnxeQdJAyG+fPly1Yrz5XXCT7shPixdiJ0vFaLMz+LDpL1xidFQvE1A+Na4QJ20J0+dCtviPVQuBKsB24n+lF0nffbXOfm2N5+w3RTvK0/EVz1ZgsXrnYRzT5llWePj49lnbiM+rhtlt6mbyovwxH5mb3HdvXvX9gAYjZg8evQobK48hJy4fz/MxJ2lGPw7YtyJsbFs4HdTR9rUFiciQLob90iYizoCLoy5qakp0y0MqcePH9sDXGaazEJPnjxpeyjQLIisDIcuo5Po6mpjt2VSdKWng2NR0L52kafQ/iS6jM6sRxkM7oeTD8OhQ4cMuO1PntjtAG4XvIiE'||
'CVHSvyOHD68K6Hq0txN1TE5OGhGiUFPPnxn5Ief9+/fbBiEoNLdW8jOJTrS1E3UyQ8Iy5MIxH/cdZc0uerUv6g4WEMYCF10uthvRbYo8gQ7BFxATFiHn7MvqbmF+wfSJC24n3UBk0MyOTVpB0Pxi/IRpFDJXwn539Hdudi4Mx63P3DIiDFJEmdlcFwFCjMRDkvj9wtDv+NA/Bj19x0oGG/rueHgcxLiRMEnljp74g0gGPH7wgCg9Dj96sxGdjbE4jvhcyWDcnd/1iDEGLp3GaH4hjumo33w5oBRS9EHSy8LGnEeZ7Qo2GK9m27baNIir1v04BXJrkUFPWrZKw9Tvh773stzUdiFQBgIpKbY8fU4b0uvWAYTn+0JyBYMIITy2SWOKyIJ10jA14krP/TN+pNkoLiV/O+duT2UWgR/X63qwVllWMYpwxEd3VTyET4Zsqjd5TPL+tcpiLflLsRTX0oBuyMv0+Em8j4hgmO5AhJxDhFiOvMkDGY6Ojlo8n2TYvmN72DKc7BDUDR1RG4SAEGgJgdRSFCm2BKEyCQEh0E8IpKRYyvS5H8Bx852+MA10/0afEvaDbNUHIdAMAiLFClp58sv7mwFVaYWAEOhdBJp697l3u6mWCwEhIASKIbAKKa5YwlisVKUSAkJACPQoAnVJkdUWmkL2qFTVbCEgBJpCIOW6OvcUB+zdQ57IsGlsZRlaU5X0cuIUoOL9wKpOX//J+4uXpJSdRoANQjrdBtW/Xgjw1t5iXJ/MG3y4mktyiFhcyt7u4HyjuWZJEVBXDCLnRw2unlQfX33QE42PCoi65duMHufDeqI/HWgkWPF+NmO5jqXINj6v4/uJ2adMrY02yH2kmwTebLpJJQZRKgyRT/9m6syXMgn58s7j0zgrO01bPuvEdxGWWa7SH2pJazUfAZX2DPPeb3x30h1bbc3H918t3gPz/fBwO1ph8cyPnL5Z4xvJ8cS6q+2qldagiX+sD5RXKcFxNW81MIus'||
'VQ4xVlaWpO//OiRd0WkaE8HP45/KKcqTHZ2GNr85nBfiW1e8fGBJPb/pQvR4YBpeT7CN9Mx1KW1PvXIsPFbodeI3rKuA53KmCXNRhb2N8KP87MKREWL2XvqbKCYV8TYHb3cw0PNXG+/CWpq8WhkeD2iOe9K86mmzVl01YxknsWHUj+kNXpvjy+3uFqKft2DYRCGPH2no31rwszJi3ZRdpCx0th6ORSyKTOepSa7bEEAH0D/bmzATVLbhQtQwNlyopX/0oZDcs4Q1yyiSvxZWrkWN9N/SVPpSq4yyw9iQYjBeQBivNUkxA3HArj5lV96P5Q1F4S1iFeYcSsq2UXJCoN0I+K4zEBWOMTwYNzZhkMutjkBqvNQkxbQI3wCSr/ZhOQI2wLNdFJvJ4tgYgc0jmS6yDRC7yPD+MOndeT73c2RzV8rfv/9A3GMt28jVhUo8XwmkDvY5xCF43lNerz37vM1PnjwNj+O70ZnlNxAOx/bQT4+PJ9a+/B8IkT6yyw59oN2ehysTcfjZgosfm0xwZefdao6rbTgBEd+Om3eyUYXvQZdNl+I9plg3eNXauAKrAvkRz55/9GtiYsKO7PnnjjJoHy6Vi8fr2F4EUl25F+XD54MJ22Xy3l3VpXqtQGbIn3f3ueu4bWRbVb+QO+7Bgwe2pyH6V0/WbIjCxrlHjhwxPfV2kZ8x6nsC4F/N+TZzjGM+gnc47lGa8spq+VuNv3P3nm1PxvhgXB0+dLBuUcuslUviADFwL126ZKDApgA0NjYeB9Bg+MUvfmGD/eTJkzbIyEMaOs6gZrBBBABAQyAC0ty+fTv84Ac/MFD+8Y9/hNOnT9uGDOQBYMpgR14EwcBlV2METFv4sUkl5VH+Bx98kA1Yxm6bjLJXr19ZO4Do9es4Hc5hVcvr+EFAX331VZh8MBm2ROKn/WxACkn+6le/Mqzee++9KoGhnJAiRxyEh1KjxOAKGd+6dSucO3fOfteuXTOMUSziqY+0DAZk'||
'BZb433//fcMd7CkDhaTc48ePhw//78Pw5z//OezevdsUlPDR0ZF4Ydtp6Sjz4sWLJhv6JYKsJfH2hi3x4DPqIfsRclzNISd0gjH06aef2lhB7/ixofK58+fCmTNnwp/+9CcbT2z2Sh70hTGLscL4Gh8fN7n/+9//NgJFLzF6+PzIu+++G37961/b+B3ePBxvI7FaZdCIEh3jZ4QX2zw1PWVjlrH8ve99zy7Cn332mZ2Thx/1o3uMb3T2woULq3WzcDxkyG0u7vVz3sjVJUVXfDo/Nj4Wnj19ZgPk4cOH1UFNGrdsGGQQGgQI8HQeQOgcg5jduUlz9OhRA4RzQAMMBjOCgDTZrgsBvfPOOyYYgGIHG9JAkDgGNsICQIADRNuqqWRWrGIQtxKrtWOyxzcCGIsZ5aMPYIKyccUFB/oOfmBGOEQPIZKHKzB52LcRUn377bdt52JwhOzAib6fOX0mPJh8EK5cuVL9Rg74YLXTZuSH/+zZs2Z1f/7550ZwKDd1g+/8wnzVUmUgIEfqn56aDvviztp8ksHl26iviisXAdcvxsnJOAbzzuPz4fiRKw4Zo084ZDg9E2chkcDQN/ITd/nyZRtz6BizG9dT6kXHGM8YPugjJIt1SRzlUQ/jm3IoD53mQs1FH12CAzAEmImwMztjFseY/fjjj62sq1evms6Rn4s5YwMdP3/+vJVJHY36agWu8uf4saOrpFiOrrkkh0ZAUAAKqzJoCeMKcX/ifjjz9hnrFH5AcGIDKKwKgCCMPJwTBqHxY8DRcSOyGO9kACmSjrqIc4Jg+owfR1soE7AdQARGXZ10dhWKbQcvd/QRPHCc0zcwvXXzVjgaBQRZIXgc/SFNKnjyghdlkg/HhYGLDOGkdSwJJ/+OnTvCpS8vmbJ+dPEjs5y9XnCineDpZYIl5xAkCk5ayqRulBfZcY5SE+7WqzVGf7oKAeTv446GIUt0hLHht7mQNzpAWsYUMoXoPB2yRhdJ4zqHvpEP'||
'P2UyPiHBU/F7RTZm41pmLESvn7zUSTnkcZ3mSBhtcQJF9zAC0K+//OUvNvNh5kI+ykFn18tRp7e7ISkCkndqvRrXtfU0mJ4jQBQGIbtzJVlvwqYtfuHwtujY/wjk9Q19RA8Yw73gaC+k3imXkmLdVmRkmN2kA1xclSArBOHhrXTEy6pXhsXHerKVePVr8HLqpygpJoOibmEr2hGvjNWwpB/VsFhSvb7XrSQXUS0ryieTUPZlOZLly7a0STvSoojLp0/jOa/WlY+QvysQqCUfD6sn22bl7uVYuShcHBMe1gwI3i7yeH4nRPcTl6bD31YXx4B1KP6tS4rZ6resGSsaVyGIFeEttLphGbEenpp1vYNUVrQTokGwsfV1+tGw7810OlaSooRi1Sy7Tjuoqmb6ZtqgtB1FwPTPlC1rBn7XiUaybRSX79AbaSuFvxGWz1DA7/ldZ91fIGvJSRytaFjUK9ktj3rxCk8QwALLAZbzJonbf9o5xWp/31RDbQRq6VutsNq5Ox/aaZ1NLdS6pNh5mHq7BcvXnd7uh1ovBDYaAiLFjSZx9VcICIGGCIgUG8KjSCEgBDYaAiLFjSZx9VcICIGGCIgUG8KjSCEgBDYaAiLFNkm8l578tQkCFSsEehIBkWKbxKanz20CVsUWRiBZtlg4jxI2WLwtcNaGgK27EjOuDUTlbhmBTq/7a7nhXZBRlmIXCEFNEAJCoHsQECl2jyzUEiFQIgK6q90qmCLFVpFTPiEgBPoSAZFiX4pVnRICQqBVBESKrSKnfEJACPQlAiLFvhSrOiUEhECrCIgUW0VO+YSAEOhLBESKZYg1rkfUQtkygFQZrSLAklgti20VvTfziRTfxKMlnymkWLEl7JSpHAS0WLscHClFpFgelipJCAiBPkBApNgHQlQXhIAQKA+BviPF9FsLVZi0uL8KRdtPwDqPd96/hkZIvmsAr4ysNeRbUyYt1lVmWS02of7X/FotsGg+vk/MfRC/F+J+'||
'QPEwyuLc4/AT799S5tz9no/0nDMw+fAnfgt7hW+5bMLk2oBABdZUNjwBcBnm5YQcPI7W5OPxI2+OOJcbedx5vOdN03kaHUtCoIZ8bXxVxhyyTmXmcR7msk7DOTd/HKMDg1kFns7z0XoP45z07XJ1P3Hargq93JTY6KD7a3XW48ibxnPufj9WB0bELMZ6dQZ26q9G6KQtCKSyoQKXocuJMD/3uDTMzz2NHwnHpXnwE59PQ7hcexDI423YV4abyyE9+nkqN8I8nFY6IXLu6dJ4DyO+nW7oZ9HVqmApsvZQvELHdq/ZOVFdv349PHjwoHrV37x5c5iamgqTk5NheHjYgMAPEENDQ4H0L1++DNu2bQv37t2z861bt1r8//73v/A6tpF/lLO0tBSuXr0anj59GrZs2WJpZmdnAz/q5GPb3g7SUn6Z7lW8UoKXu1exbYPxqpcK1eP67ei4Pnz4MPz3v/8Ni4uL1kUw5vzWrVsmX/xzc3P2Q97I5e7du2Hnzp3hyZMnpgfIGlndv38/TE9Nh6FNQyYrcLxx40a4efOmlUWa+fl5K4u0WBGUT1uQLwNoI2DvupTXN/QRswAdXKtz+b548SJcuXLFxiFlgi9yQCY48EcO09PTgXE6MzMTvv322zA6OmpyYswyNpH9s2fPTP6MXc8LD/znP/+xckmzsLBg+R4/fhymZ6YtH7KlPfzKJMml2O7B2B/wWldLEVB+//vfh+9///sG4MmTJ8P27dvD559/Hg4dOmSdZnC88847Fv6HP/zBwp8/f27EBwgMso8//jh8/fXXNihGRkbCBx98EG7fvh3++Mc/hmPHjhmww1uGw9YtW40UER5lIJz9+/eHAwcOhBMnTlRJ0qSiPy0j4IMGRf/5z38evvOd74SDBw+GXbt2hbNnz4Z//etfATnt2LHDBgokeP78+YB8cZcuXTLlZyAxoH70ox+FR48e2QB86623woULF2wA/O53v7NBiKzRA8qBZCFHBstS'||
'DDt85IjVSx65chBw+YL5p59+argzRhmPH374Ybh27ZqNr3379plcILOLFy+Gv/3tb+HOnTs2HpETBIqR8v777wfkynjdu3dvGBsbC4cPHzY/F1bGMOnRH+RKHtoAKR+J8kWX0DG/CJZ98Vs2bcrBr2Epe/bsCadOnQowP1YCg4grBQBwtUfZL1++bOFYiIDB4GDQjGwbsTwAjYUImJSBBYkQKIurFOVhLV756kr45ptvzBJFmF988YUNSK50fnUCaLnyEMAK+O53v2uWBLJBpjgGD3JigCBfrENky4WK49///neTHXL87W9/a8SIrjAIsA5Jg9UBYWJJohtYFJQ1MTFhdeB/GHUFS5X0DBTJ16Ap9Q9khDwhL+TI2ELuyHsiyhg5MO7mZudsTBLP+MXYwfr77LPPTC+4QEKSzAaRKzIjDfIlD3InH7MMxjW6wzlH6uICiiubEK3MqDgrmIGg+cWlMBwbHXWrNIdiw/woP1d3rvQACkkCNOT4y1/+MnzyySdhfHy8Ou2iAW5FkA6rkoHBoMKPVQKwEChl4piGY5m+e/Zdu6K8nH1pdQPsRx99ZPnoZxmgUs7iUiTkONVztxDxGxoaNJPcw/r2mM3UTCZutSFjlH737t12kXL/b37zG5PfD3/4QxtUKDwyQL7In/zIE7kySNAXLBD8DAgGTXYhnY+D7+tw/PjxAIEib8IZlO+9957VW5Z8e0Fu6NumqG+uz4sRN6bPhK3ZVeSLDBl3kJZZ5rEOZl2MPS5gjOV//vOfdqH66U9/avJjzKMHyAZZkw55MUNkvCJvLEJIEqMIOaMLpMUCRd5wAWMdUiWMOplllinf+YVFu/3FmB2IBa8bKRYRjk9zMY3X6hCiW4WUBdCEIbwyHRBuaFJsAkwGEIPEr/RNZF2RNC9fEmBxlFH2isq6PKCtpNhE38EfwuRW1Vod5UCSTvSUR/mQI+Fluo6SonMwHeXcj3Qw7Xw+LgXA01maeDXkYYvnT8sn'||
'zP0ez7FsRx0ixQzVFG9CUvm6nyPp4mOoquwIc5fK18M4NirL49P0G+l8vUixqHzBPp/W5YHc+Z+PX02+5Hfd8LLKOqakuK4PWvKd8g76kXifTnmYH2t13uMM5EoCD8NrAy+Sb+pqhaXxOl8bAin+XlIatkK+jI46Ls3nSdIwl2WtME+vY7kIpFh7yWkYMuGXt/A8bXpM83l4GkY5uNXCPG9Zx3UnxdUaXqZZnILp9dYK8zgd24+A5Nt+jDtZA+OrrDFWq5xaYWX3t9yJedmtU3lCQAgIgXVGQKS4zoCrOiEgBLobAZFim+Sz4pF+m+pRsUJACJSLQNfdUyy3e50rzW4Sw4z1nyN0rnGque8RyJ5R6NLciqBlKbaCWoE84sICICmJEOhCBESKXSgUNUkICIHOISBS7Bz2qlkICIEuRECk2IVCUZOEgBDoHAIixc5hr5qFgBDoQgREil0oFDVJCAiBziEgUuwc9qpZCAiBLkRApFiCUFgN5i+vl1CcihACTSOA/mlVYtOw1cwgUqwJS5OBURsrG3o0mVHJhUA5CIgQy8GRUkSK5WGpkoSAEOgDBESKfSBEdUEICIHyEBAploelShICQqAPEBAp9oEQ1QUhIATKQ0CkWB6WKkkICIE+QKAuKbLLS+7zJn3Q3fZ0wXCqsS2O8GsP3ip1JQI11E/jdyVMdUPSzxzU2U9xIH5A6nX8VGH8Ju9ghNvWm8RjLeTrVtNHEXXWO7AybDAyHzi9jnil7lXEjC/88R3ZKn5pAj/fqJh6/zfy8U2VaQEJCsi+iMh4TR3rFuMXfeO3jOMxnlc/7rYR9e1NaFKYsvOIyVIEa6DyWeWapIiFw28ufiA6Y9AM/CEIcgO6JVO4eshmn2rNf3ScDzTx2UmIMbJiXdSyr541TFI3ryJ6GwHIau2L/jP9G4xjkwu0u6Gof4zf2Xl0L9M/xjLpGqijZ++fI92N4xesazswy+IMm+j7f96oRDAppY7RAAAAAElF'||
'TkSuQmCC';
V_COUNT NUMBER;
BEGIN

SELECT COUNT(1) INTO V_COUNT FROM EMS_DASHBOARD WHERE TENANT_ID = '&TENANT_ID' AND DASHBOARD_ID = 15;
IF V_COUNT > 0 THEN
    DBMS_OUTPUT.PUT_LINE('Database Operations have been added before, no need to add again.For '||'&TENANT_ID');
ELSE
    Insert into EMS_DASHBOARD (DASHBOARD_ID,NAME,TYPE,DESCRIPTION,CREATION_DATE,LAST_MODIFICATION_DATE,LAST_MODIFIED_BY,OWNER,IS_SYSTEM,APPLICATION_TYPE,ENABLE_TIME_RANGE,DELETED,TENANT_ID,SCREEN_SHOT)
    values (15,'Database Operations',0,'Displays the current health of your database ecosystem',SYS_EXTRACT_UTC(SYSTIMESTAMP),null,null,'Oracle',1,3,1,0,'&TENANT_ID',
    la_dboperations_screenshot);
    DBMS_OUTPUT.PUT_LINE('Database Operations have been added successfully.For '||'&TENANT_ID');
END IF;

SELECT COUNT(1) INTO V_COUNT FROM EMS_DASHBOARD WHERE TENANT_ID = '&TENANT_ID' AND DASHBOARD_ID = 16;
IF V_COUNT > 0 THEN
    DBMS_OUTPUT.PUT_LINE('Host Operations have been added before, no need to add again.For '||'&TENANT_ID');
ELSE
    Insert into EMS_DASHBOARD (DASHBOARD_ID,NAME,TYPE,DESCRIPTION,CREATION_DATE,LAST_MODIFICATION_DATE,LAST_MODIFIED_BY,OWNER,IS_SYSTEM,APPLICATION_TYPE,ENABLE_TIME_RANGE,DELETED,TENANT_ID,SCREEN_SHOT)
    values (16,'Host Operations',0,'Displays the current health of your monitored hosts',SYS_EXTRACT_UTC(SYSTIMESTAMP),null,null,'Oracle',1,3,1,0,'&TENANT_ID',
    la_hostoperations_screenshot);
    DBMS_OUTPUT.PUT_LINE('Host Operations have been added successfully.For '||'&TENANT_ID');
END IF;

SELECT COUNT(1) INTO V_COUNT FROM EMS_DASHBOARD WHERE TENANT_ID = '&TENANT_ID' AND DASHBOARD_ID = 17;
IF V_COUNT > 0 THEN
    DBMS_OUTPUT.PUT_LINE('Middleware Operations have been added before, no need to add again.For '||'&TENANT_ID');
ELSE
    Insert into EMS_DASHBOARD (DASHBOARD_ID,NAME,TYPE,DESCRIPTION,CREATION_DATE,LAST_MODIFICATION_DATE,LAST_MODIFIED_BY,OWNER,IS_SYSTEM,APPLICATION_TYPE,ENABLE_TIME_RANGE,DELETED,TENANT_ID,SCREEN_SHOT)
    values (17,'Middleware Operations',0,'Displays the current health of your Oracle middleware ecosystem',SYS_EXTRACT_UTC(SYSTIMESTAMP),null,null,'Oracle',1,3,1,0,'&TENANT_ID',
    la_mwoperations_screenshot);
    DBMS_OUTPUT.PUT_LINE('Middleware Operations have been added successfully.For '||'&TENANT_ID');
END IF;

SELECT COUNT(1) INTO V_COUNT FROM EMS_DASHBOARD_TILE WHERE TENANT_ID = '&TENANT_ID' AND TILE_ID = 19 AND DASHBOARD_ID = 15;
IF V_COUNT > 0 THEN
    DBMS_OUTPUT.PUT_LINE('TILE 19 have been added before, no need to add again.For '||'&TENANT_ID');
ELSE
    Insert into EMS_DASHBOARD_TILE (TILE_ID,DASHBOARD_ID,CREATION_DATE,LAST_MODIFICATION_DATE,LAST_MODIFIED_BY,OWNER,TITLE,HEIGHT,WIDTH,IS_MAXIMIZED,POSITION,TENANT_ID,
    WIDGET_UNIQUE_ID,WIDGET_NAME,WIDGET_DESCRIPTION,WIDGET_GROUP_NAME,WIDGET_ICON,WIDGET_HISTOGRAM,WIDGET_OWNER,WIDGET_CREATION_TIME,WIDGET_SOURCE,WIDGET_KOC_NAME,WIDGET_VIEWMODE,WIDGET_TEMPLATE,PROVIDER_NAME,PROVIDER_VERSION,PROVIDER_ASSET_ROOT)
    values (19,15,SYS_EXTRACT_UTC(SYSTIMESTAMP),null,null,'Oracle','Database Log Trends',220,4,0,0,'&TENANT_ID','2002','Database Log Trends','Time-based histogram of all log entries from Database targets.','Log Analytics',null,'js/../emcsDependencies/dfcommon/images/sample-widget-histogram.png','ORACLE',to_char(SYS_EXTRACT_UTC(SYSTIMESTAMP),'YYYY-MM-DD"T"HH24:MI:SS.ff3"Z"'),1,'LA_WIDGET_HISTOGRAM','/js/viewmodel/search/results/loganSearchChartsViewModel.js','/html/search/widgets/loganHistogram.html','LoganService','0.1','assetRoot');
    DBMS_OUTPUT.PUT_LINE('TILE 19 have been added successfully.For '||'&TENANT_ID');
END IF;

SELECT COUNT(1) INTO V_COUNT FROM EMS_DASHBOARD_TILE WHERE TENANT_ID = '&TENANT_ID' AND TILE_ID = 20 AND DASHBOARD_ID = 15;
IF V_COUNT > 0 THEN
    DBMS_OUTPUT.PUT_LINE('TILE 20 have been added before, no need to add again.For '||'&TENANT_ID');
ELSE
    Insert into EMS_DASHBOARD_TILE (TILE_ID,DASHBOARD_ID,CREATION_DATE,LAST_MODIFICATION_DATE,LAST_MODIFIED_BY,OWNER,TITLE,HEIGHT,WIDTH,IS_MAXIMIZED,POSITION,TENANT_ID,
    WIDGET_UNIQUE_ID,WIDGET_NAME,WIDGET_DESCRIPTION,WIDGET_GROUP_NAME,WIDGET_ICON,WIDGET_HISTOGRAM,WIDGET_OWNER,WIDGET_CREATION_TIME,WIDGET_SOURCE,WIDGET_KOC_NAME,WIDGET_VIEWMODE,WIDGET_TEMPLATE,PROVIDER_NAME,PROVIDER_VERSION,PROVIDER_ASSET_ROOT)
    values (20,15,SYS_EXTRACT_UTC(SYSTIMESTAMP),null,null,'Oracle','Database Critical Incidents by Target Type',220,1,0,1,'&TENANT_ID','2016','Database Critical Incidents by Target Type','Database critical errors based on Error ID grouped by by target type','Log Analytics',null,'js/../emcsDependencies/dfcommon/images/sample-widget-histogram.png','ORACLE',to_char(SYS_EXTRACT_UTC(SYSTIMESTAMP),'YYYY-MM-DD"T"HH24:MI:SS.ff3"Z"'),1,'LA_WIDGET_BAR','/js/viewmodel/search/visualization/loganVisStatsViewModel.js','/html/search/widgets/loganBarChart.html','LoganService','0.1','assetRoot');
    DBMS_OUTPUT.PUT_LINE('TILE 20 have been added successfully.For '||'&TENANT_ID');
END IF;

SELECT COUNT(1) INTO V_COUNT FROM EMS_DASHBOARD_TILE WHERE TENANT_ID = '&TENANT_ID' AND TILE_ID = 21 AND DASHBOARD_ID = 15;
IF V_COUNT > 0 THEN
    DBMS_OUTPUT.PUT_LINE('TILE 21 have been added before, no need to add again.For '||'&TENANT_ID');
ELSE
    Insert into EMS_DASHBOARD_TILE (TILE_ID,DASHBOARD_ID,CREATION_DATE,LAST_MODIFICATION_DATE,LAST_MODIFIED_BY,OWNER,TITLE,HEIGHT,WIDTH,IS_MAXIMIZED,POSITION,TENANT_ID,
    WIDGET_UNIQUE_ID,WIDGET_NAME,WIDGET_DESCRIPTION,WIDGET_GROUP_NAME,WIDGET_ICON,WIDGET_HISTOGRAM,WIDGET_OWNER,WIDGET_CREATION_TIME,WIDGET_SOURCE,WIDGET_KOC_NAME,WIDGET_VIEWMODE,WIDGET_TEMPLATE,PROVIDER_NAME,PROVIDER_VERSION,PROVIDER_ASSET_ROOT)
    values (21,15,SYS_EXTRACT_UTC(SYSTIMESTAMP),null,null,'Oracle','Top Database Targets with Log Errors',220,2,0,2,'&TENANT_ID','2005','Top Database Targets with Log Errors','Top 10 Database targets that have the most log entries with ERROR or SEVERE severity.','Log Analytics',null,'js/../emcsDependencies/dfcommon/images/sample-widget-histogram.png','ORACLE',to_char(SYS_EXTRACT_UTC(SYSTIMESTAMP),'YYYY-MM-DD"T"HH24:MI:SS.ff3"Z"'),1,'LA_WIDGET_PIE','/js/viewmodel/search/visualization/loganVisStatsViewModel.js','/html/search/widgets/loganPieChart.html','LoganService','0.1','assetRoot');
    DBMS_OUTPUT.PUT_LINE('TILE 21 have been added successfully.For '||'&TENANT_ID');
END IF;

SELECT COUNT(1) INTO V_COUNT FROM EMS_DASHBOARD_TILE WHERE TENANT_ID = '&TENANT_ID' AND TILE_ID = 22 AND DASHBOARD_ID = 15;
IF V_COUNT > 0 THEN
    DBMS_OUTPUT.PUT_LINE('TILE 22 have been added before, no need to add again.For '||'&TENANT_ID');
ELSE
    Insert into EMS_DASHBOARD_TILE (TILE_ID,DASHBOARD_ID,CREATION_DATE,LAST_MODIFICATION_DATE,LAST_MODIFIED_BY,OWNER,TITLE,HEIGHT,WIDTH,IS_MAXIMIZED,POSITION,TENANT_ID,
    WIDGET_UNIQUE_ID,WIDGET_NAME,WIDGET_DESCRIPTION,WIDGET_GROUP_NAME,WIDGET_ICON,WIDGET_HISTOGRAM,WIDGET_OWNER,WIDGET_CREATION_TIME,WIDGET_SOURCE,WIDGET_KOC_NAME,WIDGET_VIEWMODE,WIDGET_TEMPLATE,PROVIDER_NAME,PROVIDER_VERSION,PROVIDER_ASSET_ROOT)
    values (22,15,SYS_EXTRACT_UTC(SYSTIMESTAMP),null,null,'Oracle','Database Top Errors',220,1,0,3,'&TENANT_ID','2015','Database Top Errors','Top 10 Database Errors that have recently occurred.','Log Analytics',null,'js/../emcsDependencies/dfcommon/images/sample-widget-histogram.png','ORACLE',to_char(SYS_EXTRACT_UTC(SYSTIMESTAMP),'YYYY-MM-DD"T"HH24:MI:SS.ff3"Z"'),1,'LA_WIDGET_BAR','/js/viewmodel/search/visualization/loganVisStatsViewModel.js','/html/search/widgets/loganBarChart.html','LoganService','0.1','assetRoot');
    DBMS_OUTPUT.PUT_LINE('TILE 22 have been added successfully.For '||'&TENANT_ID');
END IF;

SELECT COUNT(1) INTO V_COUNT FROM EMS_DASHBOARD_TILE WHERE TENANT_ID = '&TENANT_ID' AND TILE_ID = 23 AND DASHBOARD_ID = 16;
IF V_COUNT > 0 THEN
    DBMS_OUTPUT.PUT_LINE('TILE 23 have been added before, no need to add again.For '||'&TENANT_ID');
ELSE
    Insert into EMS_DASHBOARD_TILE (TILE_ID,DASHBOARD_ID,CREATION_DATE,LAST_MODIFICATION_DATE,LAST_MODIFIED_BY,OWNER,TITLE,HEIGHT,WIDTH,IS_MAXIMIZED,POSITION,TENANT_ID,
    WIDGET_UNIQUE_ID,WIDGET_NAME,WIDGET_DESCRIPTION,WIDGET_GROUP_NAME,WIDGET_ICON,WIDGET_HISTOGRAM,WIDGET_OWNER,WIDGET_CREATION_TIME,WIDGET_SOURCE,WIDGET_KOC_NAME,WIDGET_VIEWMODE,WIDGET_TEMPLATE,PROVIDER_NAME,PROVIDER_VERSION,PROVIDER_ASSET_ROOT)
    values (23,16,SYS_EXTRACT_UTC(SYSTIMESTAMP),null,null,'Oracle','Top SUDO Users',220,1,0,3,'&TENANT_ID','2022','Top SUDO Users','Top 10 recent users initiating SUDO requests.','Log Analytics',null,'js/../emcsDependencies/dfcommon/images/sample-widget-histogram.png','ORACLE',to_char(SYS_EXTRACT_UTC(SYSTIMESTAMP),'YYYY-MM-DD"T"HH24:MI:SS.ff3"Z"'),1,'LA_WIDGET_PIE','/js/viewmodel/search/visualization/loganVisStatsViewModel.js','/html/search/widgets/loganPieChart.html','LoganService','0.1','assetRoot');
    DBMS_OUTPUT.PUT_LINE('TILE 23 have been added successfully.For '||'&TENANT_ID');
END IF;

SELECT COUNT(1) INTO V_COUNT FROM EMS_DASHBOARD_TILE WHERE TENANT_ID = '&TENANT_ID' AND TILE_ID = 24 AND DASHBOARD_ID = 16;
IF V_COUNT > 0 THEN
    DBMS_OUTPUT.PUT_LINE('TILE 24 have been added before, no need to add again.For '||'&TENANT_ID');
ELSE
    Insert into EMS_DASHBOARD_TILE (TILE_ID,DASHBOARD_ID,CREATION_DATE,LAST_MODIFICATION_DATE,LAST_MODIFIED_BY,OWNER,TITLE,HEIGHT,WIDTH,IS_MAXIMIZED,POSITION,TENANT_ID,
    WIDGET_UNIQUE_ID,WIDGET_NAME,WIDGET_DESCRIPTION,WIDGET_GROUP_NAME,WIDGET_ICON,WIDGET_HISTOGRAM,WIDGET_OWNER,WIDGET_CREATION_TIME,WIDGET_SOURCE,WIDGET_KOC_NAME,WIDGET_VIEWMODE,WIDGET_TEMPLATE,PROVIDER_NAME,PROVIDER_VERSION,PROVIDER_ASSET_ROOT)
    values (24,16,SYS_EXTRACT_UTC(SYSTIMESTAMP),null,null,'Oracle','Top Host Log Sources',220,1,0,1,'&TENANT_ID','2020','Top Host Log Sources','Top 10 Log Sources for Host Target Type by number of log entries','Log Analytics',null,'js/../emcsDependencies/dfcommon/images/sample-widget-histogram.png','ORACLE',to_char(SYS_EXTRACT_UTC(SYSTIMESTAMP),'YYYY-MM-DD"T"HH24:MI:SS.ff3"Z"'),1,'LA_WIDGET_BAR','/js/viewmodel/search/visualization/loganVisStatsViewModel.js','/html/search/widgets/loganBarChart.html','LoganService','0.1','assetRoot');
    DBMS_OUTPUT.PUT_LINE('TILE 24 have been added successfully.For '||'&TENANT_ID');
END IF;

SELECT COUNT(1) INTO V_COUNT FROM EMS_DASHBOARD_TILE WHERE TENANT_ID = '&TENANT_ID' AND TILE_ID = 25 AND DASHBOARD_ID = 16;
IF V_COUNT > 0 THEN
    DBMS_OUTPUT.PUT_LINE('TILE 25 have been added before, no need to add again.For '||'&TENANT_ID');
ELSE
    Insert into EMS_DASHBOARD_TILE (TILE_ID,DASHBOARD_ID,CREATION_DATE,LAST_MODIFICATION_DATE,LAST_MODIFIED_BY,OWNER,TITLE,HEIGHT,WIDTH,IS_MAXIMIZED,POSITION,TENANT_ID,
    WIDGET_UNIQUE_ID,WIDGET_NAME,WIDGET_DESCRIPTION,WIDGET_GROUP_NAME,WIDGET_ICON,WIDGET_HISTOGRAM,WIDGET_OWNER,WIDGET_CREATION_TIME,WIDGET_SOURCE,WIDGET_KOC_NAME,WIDGET_VIEWMODE,WIDGET_TEMPLATE,PROVIDER_NAME,PROVIDER_VERSION,PROVIDER_ASSET_ROOT)
    values (25,16,SYS_EXTRACT_UTC(SYSTIMESTAMP),null,null,'Oracle','Host Logs Trend',220,4,0,0,'&TENANT_ID','2004','Host Logs Trend','Time-based histogram of all log entries from Host targets','Log Analytics',null,'js/../emcsDependencies/dfcommon/images/sample-widget-histogram.png','ORACLE',to_char(SYS_EXTRACT_UTC(SYSTIMESTAMP),'YYYY-MM-DD"T"HH24:MI:SS.ff3"Z"'),1,'LA_WIDGET_HISTOGRAM','/js/viewmodel/search/results/loganSearchChartsViewModel.js','/html/search/widgets/loganHistogram.html','LoganService','0.1','assetRoot');
    DBMS_OUTPUT.PUT_LINE('TILE 25 have been added successfully.For '||'&TENANT_ID');
END IF;

SELECT COUNT(1) INTO V_COUNT FROM EMS_DASHBOARD_TILE WHERE TENANT_ID = '&TENANT_ID' AND TILE_ID = 26 AND DASHBOARD_ID = 16;
IF V_COUNT > 0 THEN
    DBMS_OUTPUT.PUT_LINE('TILE 26 have been added before, no need to add again.For '||'&TENANT_ID');
ELSE
    Insert into EMS_DASHBOARD_TILE (TILE_ID,DASHBOARD_ID,CREATION_DATE,LAST_MODIFICATION_DATE,LAST_MODIFIED_BY,OWNER,TITLE,HEIGHT,WIDTH,IS_MAXIMIZED,POSITION,TENANT_ID,
    WIDGET_UNIQUE_ID,WIDGET_NAME,WIDGET_DESCRIPTION,WIDGET_GROUP_NAME,WIDGET_ICON,WIDGET_HISTOGRAM,WIDGET_OWNER,WIDGET_CREATION_TIME,WIDGET_SOURCE,WIDGET_KOC_NAME,WIDGET_VIEWMODE,WIDGET_TEMPLATE,PROVIDER_NAME,PROVIDER_VERSION,PROVIDER_ASSET_ROOT)
    values (26,16,SYS_EXTRACT_UTC(SYSTIMESTAMP),null,null,'Oracle','Top Host Log Entries by Service',220,2,0,2,'&TENANT_ID','2026','Top Host Log Entries by Service','Distribution of log entries across all monitored hosts by service','Log Analytics',null,'js/../emcsDependencies/dfcommon/images/sample-widget-histogram.png','Oracle',to_char(SYS_EXTRACT_UTC(SYSTIMESTAMP),'YYYY-MM-DD"T"HH24:MI:SS.ff3"Z"'),1,'LA_WIDGET_PIE','/js/viewmodel/search/visualization/loganVisStatsViewModel.js','/html/search/widgets/loganPieChart.html','LoganService','0.1','assetRoot');
    DBMS_OUTPUT.PUT_LINE('TILE 26 have been added successfully.For '||'&TENANT_ID');
END IF;

SELECT COUNT(1) INTO V_COUNT FROM EMS_DASHBOARD_TILE WHERE TENANT_ID = '&TENANT_ID' AND TILE_ID = 27 AND DASHBOARD_ID = 17;
IF V_COUNT > 0 THEN
    DBMS_OUTPUT.PUT_LINE('TILE 27 have been added before, no need to add again.For '||'&TENANT_ID');
ELSE
    Insert into EMS_DASHBOARD_TILE (TILE_ID,DASHBOARD_ID,CREATION_DATE,LAST_MODIFICATION_DATE,LAST_MODIFIED_BY,OWNER,TITLE,HEIGHT,WIDTH,IS_MAXIMIZED,POSITION,TENANT_ID,
     WIDGET_UNIQUE_ID,WIDGET_NAME,WIDGET_DESCRIPTION,WIDGET_GROUP_NAME,WIDGET_ICON,WIDGET_HISTOGRAM,WIDGET_OWNER,WIDGET_CREATION_TIME,WIDGET_SOURCE,WIDGET_KOC_NAME,WIDGET_VIEWMODE,WIDGET_TEMPLATE,PROVIDER_NAME,PROVIDER_VERSION,PROVIDER_ASSET_ROOT)
    values (27,17,SYS_EXTRACT_UTC(SYSTIMESTAMP),null,null,'Oracle','Web Server Top Accessed Pages',220,1,0,3,'&TENANT_ID','2007','Web Server Top Accessed Pages','Top 10 recently accessed web pages in Middleware access logs.','Log Analytics',null,'js/../emcsDependencies/dfcommon/images/sample-widget-histogram.png','ORACLE',to_char(SYS_EXTRACT_UTC(SYSTIMESTAMP),'YYYY-MM-DD"T"HH24:MI:SS.ff3"Z"'),1,'LA_WIDGET_BAR','/js/viewmodel/search/visualization/loganVisStatsViewModel.js','/html/search/widgets/loganBarChart.html','LoganService','0.1','assetRoot');
    DBMS_OUTPUT.PUT_LINE('TILE 27 have been added successfully.For '||'&TENANT_ID');
END IF;

SELECT COUNT(1) INTO V_COUNT FROM EMS_DASHBOARD_TILE WHERE TENANT_ID = '&TENANT_ID' AND TILE_ID = 28 AND DASHBOARD_ID = 17;
IF V_COUNT > 0 THEN
    DBMS_OUTPUT.PUT_LINE('TILE 28 have been added before, no need to add again.For '||'&TENANT_ID');
ELSE
    Insert into EMS_DASHBOARD_TILE (TILE_ID,DASHBOARD_ID,CREATION_DATE,LAST_MODIFICATION_DATE,LAST_MODIFIED_BY,OWNER,TITLE,HEIGHT,WIDTH,IS_MAXIMIZED,POSITION,TENANT_ID,
    WIDGET_UNIQUE_ID,WIDGET_NAME,WIDGET_DESCRIPTION,WIDGET_GROUP_NAME,WIDGET_ICON,WIDGET_HISTOGRAM,WIDGET_OWNER,WIDGET_CREATION_TIME,WIDGET_SOURCE,WIDGET_KOC_NAME,WIDGET_VIEWMODE,WIDGET_TEMPLATE,PROVIDER_NAME,PROVIDER_VERSION,PROVIDER_ASSET_ROOT)
    values (28,17,SYS_EXTRACT_UTC(SYSTIMESTAMP),null,null,'Oracle','Top Middleware Error Codes',220,1,0,1,'&TENANT_ID','2010','Top Middleware Error Codes','Top 10 most common recent Middleware errors codes (such as BEA-XXXXXX).','Log Analytics',null,'js/../emcsDependencies/dfcommon/images/sample-widget-histogram.png','ORACLE',to_char(SYS_EXTRACT_UTC(SYSTIMESTAMP),'YYYY-MM-DD"T"HH24:MI:SS.ff3"Z"'),1,'LA_WIDGET_PIE','/js/viewmodel/search/visualization/loganVisStatsViewModel.js','/html/search/widgets/loganPieChart.html','LoganService','0.1','assetRoot');
    DBMS_OUTPUT.PUT_LINE('TILE 28 have been added successfully.For '||'&TENANT_ID');
END IF;

SELECT COUNT(1) INTO V_COUNT FROM EMS_DASHBOARD_TILE WHERE TENANT_ID = '&TENANT_ID' AND TILE_ID = 29 AND DASHBOARD_ID = 17;
IF V_COUNT > 0 THEN
    DBMS_OUTPUT.PUT_LINE('TILE 29 have been added before, no need to add again.For '||'&TENANT_ID');
ELSE
    Insert into EMS_DASHBOARD_TILE (TILE_ID,DASHBOARD_ID,CREATION_DATE,LAST_MODIFICATION_DATE,LAST_MODIFIED_BY,OWNER,TITLE,HEIGHT,WIDTH,IS_MAXIMIZED,POSITION,TENANT_ID,
    WIDGET_UNIQUE_ID,WIDGET_NAME,WIDGET_DESCRIPTION,WIDGET_GROUP_NAME,WIDGET_ICON,WIDGET_HISTOGRAM,WIDGET_OWNER,WIDGET_CREATION_TIME,WIDGET_SOURCE,WIDGET_KOC_NAME,WIDGET_VIEWMODE,WIDGET_TEMPLATE,PROVIDER_NAME,PROVIDER_VERSION,PROVIDER_ASSET_ROOT)
    values (29,17,SYS_EXTRACT_UTC(SYSTIMESTAMP),null,null,'Oracle','Middleware Logs Trend',220,4,0,0,'&TENANT_ID','2006','Middleware Logs Trend','Time-based histogram of all log entries from Middleware targets','Log Analytics',null,'js/../emcsDependencies/dfcommon/images/sample-widget-histogram.png','ORACLE',to_char(SYS_EXTRACT_UTC(SYSTIMESTAMP),'YYYY-MM-DD"T"HH24:MI:SS.ff3"Z"'),1,'LA_WIDGET_HISTOGRAM','/js/viewmodel/search/results/loganSearchChartsViewModel.js','/html/search/widgets/loganHistogram.html','LoganService','0.1','assetRoot');
    DBMS_OUTPUT.PUT_LINE('TILE 29 have been added successfully.For '||'&TENANT_ID');
END IF;

SELECT COUNT(1) INTO V_COUNT FROM EMS_DASHBOARD_TILE WHERE TENANT_ID = '&TENANT_ID' AND TILE_ID = 30 AND DASHBOARD_ID = 17;
IF V_COUNT > 0 THEN
    DBMS_OUTPUT.PUT_LINE('TILE 30 have been added before, no need to add again.For '||'&TENANT_ID');
ELSE
    Insert into EMS_DASHBOARD_TILE (TILE_ID,DASHBOARD_ID,CREATION_DATE,LAST_MODIFICATION_DATE,LAST_MODIFIED_BY,OWNER,TITLE,HEIGHT,WIDTH,IS_MAXIMIZED,POSITION,TENANT_ID,
    WIDGET_UNIQUE_ID,WIDGET_NAME,WIDGET_DESCRIPTION,WIDGET_GROUP_NAME,WIDGET_ICON,WIDGET_HISTOGRAM,WIDGET_OWNER,WIDGET_CREATION_TIME,WIDGET_SOURCE,WIDGET_KOC_NAME,WIDGET_VIEWMODE,WIDGET_TEMPLATE,PROVIDER_NAME,PROVIDER_VERSION,PROVIDER_ASSET_ROOT)
    values (30,17,SYS_EXTRACT_UTC(SYSTIMESTAMP),null,null,'Oracle','Top Middleware Targets with Errors',220,2,0,2,'&TENANT_ID','2012','Top Middleware Targets with Errors','Top 10 Middleware targets that have the most log entries with ERROR or SEVERE severity.','Log Analytics',null,'js/../emcsDependencies/dfcommon/images/sample-widget-histogram.png','ORACLE',to_char(SYS_EXTRACT_UTC(SYSTIMESTAMP),'YYYY-MM-DD"T"HH24:MI:SS.ff3"Z"'),1,'LA_WIDGET_PIE','/js/viewmodel/search/visualization/loganVisStatsViewModel.js','/html/search/widgets/loganPieChart.html','LoganService','0.1','assetRoot');
    DBMS_OUTPUT.PUT_LINE('TILE 30 have been added successfully.For '||'&TENANT_ID');
END IF;

SELECT COUNT(1) INTO V_COUNT FROM EMS_DASHBOARD_LAST_ACCESS WHERE TENANT_ID = '&TENANT_ID' AND DASHBOARD_ID = 15;
IF V_COUNT > 0 THEN
    DBMS_OUTPUT.PUT_LINE('Dashboard 15 Last Access have been added before, no need to add again.For '||'&TENANT_ID');
ELSE
    Insert into EMS_DASHBOARD_LAST_ACCESS (DASHBOARD_ID,ACCESSED_BY,ACCESS_DATE,TENANT_ID)
    values (15,'Oracle',SYS_EXTRACT_UTC(SYSTIMESTAMP),'&TENANT_ID');
    DBMS_OUTPUT.PUT_LINE('Dashboard 15 Last Access have been added successfully.For '||'&TENANT_ID');
END IF;

SELECT COUNT(1) INTO V_COUNT FROM EMS_DASHBOARD_LAST_ACCESS WHERE TENANT_ID = '&TENANT_ID' AND DASHBOARD_ID = 16;
IF V_COUNT > 0 THEN
    DBMS_OUTPUT.PUT_LINE('Dashboard 16 Last Access have been added before, no need to add again.For '||'&TENANT_ID');
ELSE
    Insert into EMS_DASHBOARD_LAST_ACCESS (DASHBOARD_ID,ACCESSED_BY,ACCESS_DATE,TENANT_ID)
    values (16,'Oracle',SYS_EXTRACT_UTC(SYSTIMESTAMP),'&TENANT_ID');
    DBMS_OUTPUT.PUT_LINE('Dashboard 16 Last Access have been added successfully.For '||'&TENANT_ID');
END IF;

SELECT COUNT(1) INTO V_COUNT FROM EMS_DASHBOARD_LAST_ACCESS WHERE TENANT_ID = '&TENANT_ID' AND DASHBOARD_ID = 17;
IF V_COUNT > 0 THEN
    DBMS_OUTPUT.PUT_LINE('Dashboard 17 Last Access have been added before, no need to add again.For '||'&TENANT_ID');
ELSE
    Insert into EMS_DASHBOARD_LAST_ACCESS (DASHBOARD_ID,ACCESSED_BY,ACCESS_DATE,TENANT_ID)
    values (17,'Oracle',SYS_EXTRACT_UTC(SYSTIMESTAMP),'&TENANT_ID');
    DBMS_OUTPUT.PUT_LINE('Dashboard 17 Last Access have been added successfully.For '||'&TENANT_ID');
END IF;
COMMIT;
EXCEPTION
WHEN OTHERS THEN
  ROLLBACK;
  DBMS_OUTPUT.PUT_LINE('>>>DF DML ERROR<<<');
  DBMS_OUTPUT.PUT_LINE('Failed to update LA OOB due to '||SQLERRM);
  RAISE;
END;
/
